COUNTSTATIONID,COUNTDATE,COUNTDIR,HOUR0,HOUR1,HOUR2,HOUR3,HOUR4,HOUR5,HOUR6,HOUR7,HOUR8,HOUR9,HOUR10,HOUR11,HOUR12,HOUR13,HOUR14,HOUR15,HOUR16,HOUR17,HOUR18,HOUR19,HOUR20,HOUR21,HOUR22,HOUR23,FormattedDate
100974,20230101,P,723,563,351,262,193,331,559,788,1104,1662,2561,3114,3395,3326,3527,3420,3469,2728,2091,1547,1179,782,518,331,01/01/2023
100974,20230101,S,676,700,460,314,251,363,617,843,1465,2093,2786,3175,3479,3337,3118,3014,2837,2579,2154,1639,1283,971,856,581,01/01/2023
100974,20230102,P,214,169,179,200,277,479,811,915,1257,1845,2030,2512,2839,3014,3091,3058,2886,2548,1854,1547,1085,811,571,399,01/02/2023
100974,20230102,S,341,237,226,192,211,362,769,1163,1513,1846,2241,2596,2711,2579,2574,2595,2463,2127,1545,1276,1009,897,789,712,01/02/2023
100974,20230103,P,280,181,201,310,622,1333,2228,3205,2983,2710,2804,3034,3249,3358,3562,3954,4211,4238,2729,1898,1442,979,572,383,01/03/2023
100974,20230103,S,355,279,256,235,322,888,1850,3275,3126,2929,3134,3198,3226,3164,3636,3834,4019,3670,2645,1657,1388,1243,796,524,01/03/2023
100974,20230104,P,206,218,204,306,647,1378,2513,3466,3171,2882,2951,3049,3329,3386,3873,4099,4453,4418,2896,1875,1525,1013,618,406,01/04/2023
100974,20230104,S,361,258,190,200,329,905,2115,3873,3346,3201,3240,3123,3233,3199,3517,3967,4374,3990,2908,1959,1460,1127,764,489,01/04/2023
100974,20230105,P,223,205,202,351,644,1359,2571,3719,3597,2801,2987,3224,3443,3560,3751,4397,4629,4647,3034,2236,1624,1061,671,423,01/05/2023
100974,20230105,S,316,228,216,216,281,890,2138,4073,3699,3303,3251,3373,3145,3279,3588,4200,4464,3989,2729,2188,1602,1235,844,671,01/05/2023
100974,20230106,P,250,192,224,310,565,1263,2285,3590,3287,2920,3113,3438,3779,3796,4133,4696,4818,4494,3315,2215,1740,1264,861,540,01/06/2023
100974,20230106,S,375,271,193,175,307,793,2069,3647,3465,3187,3298,3442,3705,3638,3871,4335,4563,4116,3244,2356,1799,1551,1297,814,01/06/2023
100974,20230107,P,309,239,234,293,357,692,1103,1524,2180,2760,3463,3884,4061,4144,4129,4296,4235,3656,2840,2135,1647,1136,743,598,01/07/2023
100974,20230107,S,488,353,230,218,218,509,1141,1611,2227,2905,3376,3715,3841,3646,3448,3477,3746,3422,2786,2270,1968,1560,1182,893,01/07/2023
100974,20230108,P,361,236,246,286,292,531,769,1006,1538,2071,3254,3769,3979,3616,3685,3800,3790,3245,2312,1749,1325,886,534,360,01/08/2023
100974,20230108,S,489,399,213,186,188,324,922,1193,1803,2213,2868,3062,3212,2988,3112,3085,3080,2840,2678,2575,1724,1158,805,515,01/08/2023
100974,20230109,P,202,167,139,272,643,1423,2704,3728,3634,2678,2712,2908,3052,3095,3432,4128,4350,4373,2713,1734,1363,892,475,303,01/09/2023
100974,20230109,S,310,267,134,155,324,928,2263,4274,3603,3146,3087,3270,3155,3065,3428,3648,3953,4137,2772,1772,1329,1078,914,466,01/09/2023
100974,20230110,P,203,148,177,252,602,1448,2779,3977,3697,2887,3005,3043,3173,3248,3597,4238,4392,4496,2936,1862,1487,961,581,295,01/10/2023
100974,20230110,S,297,194,158,173,276,904,2389,4434,3693,3210,3150,3016,3422,3173,3447,4019,4268,3907,2899,1873,1328,1130,840,603,01/10/2023
100974,20230111,P,229,165,171,283,623,1405,2668,3825,3373,2819,2728,2760,2817,3035,3495,4010,4199,4303,2973,1761,1498,1029,496,344,01/11/2023
100974,20230111,S,314,177,153,156,291,860,2303,4222,3395,3031,3046,2815,2960,2760,3221,3833,4104,3639,2735,1686,1522,1086,813,604,01/11/2023
100974,20230112,P,253,173,179,275,603,1422,2654,3849,3734,2851,2696,3119,3301,3512,3796,4504,4575,4569,3147,2213,1685,1184,603,383,01/12/2023
100974,20230112,S,312,217,160,163,303,850,2191,4219,3640,3355,3204,3243,3319,3224,3578,4145,4579,4208,3138,2059,1537,1218,856,536,01/12/2023
100974,20230113,P,236,202,220,313,597,1274,2449,3608,3508,3108,3092,3623,3931,3997,4230,4860,4889,4661,3378,2395,1983,1386,949,642,01/13/2023
100974,20230113,S,313,284,190,175,316,739,2033,3760,3412,3396,3432,3547,3457,3919,4166,4609,4775,4689,3627,2530,2179,1656,1319,837,01/13/2023
100974,20230114,P,339,224,241,206,349,621,942,1572,2212,2877,3479,4049,4133,4228,4323,4315,4364,3798,3017,2428,1748,1476,936,531,01/14/2023
100974,20230114,S,548,344,238,178,270,482,1045,1650,2430,3190,3711,3913,3919,4033,3808,3711,3793,3500,2957,2247,2044,1872,1303,932,01/14/2023
100974,20230115,P,328,233,217,206,223,460,700,1050,1563,2164,3048,3435,3770,3850,3752,3651,3404,2770,2281,1774,1440,1065,641,388,01/15/2023
100974,20230115,S,514,356,221,164,187,354,677,952,1841,2230,2931,3085,3440,3263,3257,3093,3228,2991,2228,1792,1616,1318,947,617,01/15/2023
100974,20230116,P,234,159,158,273,571,1288,2031,2481,2708,2916,3361,3615,3775,3918,4092,4236,4295,3996,2639,1875,1347,936,528,320,01/16/2023
100974,20230116,S,357,231,163,173,282,758,1550,2532,2855,2889,3546,3635,3569,3660,3834,3881,4154,3911,2669,1823,1488,1243,777,486,01/16/2023
100974,20230117,P,210,154,170,267,658,1445,2776,3786,3667,2951,2782,3264,3300,3539,3776,4500,4417,4011,2181,1532,893,562,360,214,01/17/2023
100974,20230117,S,315,242,176,163,316,1010,2322,4455,3766,3461,3274,3143,3281,3195,3424,4238,4344,3740,2202,1612,1040,790,501,377,01/17/2023
100974,20230118,P,156,145,132,185,401,666,1017,1504,1632,2007,1560,1560,1664,1706,1912,2370,2397,2325,1590,1099,845,589,485,305,01/18/2023
100974,20230118,S,205,139,116,135,167,422,1007,1800,1790,1977,1636,1457,1206,1889,1704,2186,2414,1947,1321,1013,792,671,536,372,01/18/2023
100974,20230119,P,184,147,178,302,574,1295,2252,3139,3376,3006,2841,2823,3106,3248,3556,4249,4310,4411,2976,2147,1590,1171,608,340,01/19/2023
100974,20230119,S,352,224,167,168,263,733,1720,3366,3070,3310,3530,3302,3217,3199,3422,4033,4433,4080,2768,2059,1392,1163,882,560,01/19/2023
100974,20230120,P,244,167,191,304,572,1291,2303,3536,3552,3018,3028,3345,3767,3722,4152,4193,4009,3559,2855,1712,1321,955,774,423,01/20/2023
100974,20230120,S,326,208,184,162,274,847,2066,3856,3596,3156,3174,3217,3496,3660,3896,4112,4088,3394,2761,2328,1691,1377,1098,708,01/20/2023
100974,20230121,P,246,208,201,189,262,597,945,1425,1943,2380,3120,3358,3761,3994,3858,3867,3582,3196,2515,1998,1566,1185,765,546,01/21/2023
100974,20230121,S,492,309,211,140,165,400,783,1485,2015,2579,3075,3301,3445,3539,3608,3370,3405,2975,2604,2049,1634,1466,1362,787,01/21/2023
100974,20230122,P,317,241,184,173,231,408,653,946,1419,2063,2906,3489,3788,3695,3567,3688,3549,2767,2397,1688,1293,754,455,335,01/22/2023
100974,20230122,S,491,320,209,160,148,311,766,910,1757,2148,2712,3062,3269,3156,2965,2942,2989,2824,2245,1773,1494,1253,793,456,01/22/2023
100974,20230123,P,181,136,129,251,630,1369,2339,3256,3047,2405,2288,2410,2637,2689,2932,3562,3825,3749,2345,1564,1189,817,434,277,01/23/2023
100974,20230123,S,268,229,159,163,301,802,1959,3783,3466,2604,2588,2509,2660,2599,2840,3481,3636,3347,2369,1633,1226,891,621,394,01/23/2023
100974,20230124,P,180,113,141,254,622,1390,2576,3943,3633,2797,2663,2999,3188,3104,3534,4185,4427,4264,2850,1952,1448,1008,493,277,01/24/2023
100974,20230124,S,233,168,144,161,274,852,2240,4328,3697,3313,3050,3029,3015,3111,3223,3936,4234,4031,2797,1711,1359,1001,891,602,01/24/2023
100974,20230125,P,189,134,162,277,587,1409,2678,3770,3575,2965,2851,2922,3089,3270,3455,4116,4415,4245,2759,1912,1473,977,543,326,01/25/2023
100974,20230125,S,322,180,142,142,270,889,2204,4250,3666,3359,2815,2805,3562,3014,3372,4099,4258,4111,2754,1896,1374,1105,759,446,01/25/2023
100974,20230126,P,211,157,182,283,622,1426,2691,3870,3707,2932,2831,3298,3556,3566,3808,4398,4567,4650,3241,2060,1634,1100,637,355,01/26/2023
100974,20230126,S,274,170,136,163,289,909,2220,4271,3791,3566,3337,3288,3305,3214,3593,4274,4442,4146,2927,2068,1559,1241,1021,566,01/26/2023
100974,20230127,P,233,144,184,316,565,1302,2361,3609,3661,3015,2975,3352,3799,3743,4224,4750,4958,4772,3502,2442,1918,1395,824,522,01/27/2023
100974,20230127,S,314,225,204,153,288,807,2121,4013,3577,3335,3350,3441,3551,3501,3991,4481,4484,4652,3504,2407,1905,1455,1353,881,01/27/2023
100974,20230128,P,339,235,224,230,313,589,904,1559,2226,2859,3694,4109,4183,4154,4171,3705,3969,3564,2883,2168,1578,1295,721,482,01/28/2023
100974,20230128,S,518,332,208,182,232,442,887,1515,2377,2983,3446,3643,3788,3844,3649,3764,3437,3658,2883,2087,1822,1363,1353,726,01/28/2023
100974,20230129,P,263,227,161,149,187,377,576,777,1242,1471,2173,2738,2925,2819,2568,2548,2623,2050,1613,1151,1072,709,446,278,01/29/2023
100974,20230129,S,565,355,205,160,149,292,595,802,1369,1694,2233,2470,2709,2570,2317,2265,2601,2230,1761,1217,1223,892,618,381,01/29/2023
100974,20230130,P,163,142,135,226,483,1068,1764,2051,1939,2160,2216,2284,2608,2756,2876,3228,3559,3300,2148,1477,1148,702,453,246,01/30/2023
100974,20230130,S,292,222,131,156,244,670,1646,2936,2814,2771,2537,2457,2272,2806,2735,3047,3287,3168,2130,1356,1153,845,596,356,01/30/2023
100974,20230131,P,149,122,136,234,564,1293,2431,3616,3284,2612,2644,2861,3105,3127,3410,4009,4343,4283,2907,1848,1421,894,568,298,01/31/2023
100974,20230131,S,232,179,144,171,266,702,1889,4030,3590,3122,3108,2956,2995,3085,3240,3841,3949,3872,2672,1683,1277,1166,722,600,01/31/2023
100974,20230201,P,184,159,169,273,606,1404,2630,3742,3596,2946,2818,3059,3239,3294,3703,4341,4536,4417,3103,2037,1560,986,635,349,02/01/2023
100974,20230201,S,338,204,147,120,291,837,2275,4350,3728,2963,3363,3064,3053,3080,3471,4088,4308,4180,2849,2003,1511,1116,787,442,02/01/2023
100974,20230202,P,242,163,149,278,601,1443,2700,3895,3644,2837,2801,3058,3403,3524,3735,4357,4631,4544,3100,2087,1624,1074,574,330,02/02/2023
100974,20230202,S,318,212,178,155,326,861,2308,4356,3713,3409,3166,3154,3238,3313,3430,4210,4260,4380,3031,2032,1566,1192,1007,560,02/02/2023
100974,20230203,P,228,166,198,275,597,1322,2441,3583,3565,2923,3103,3370,3780,3945,4143,4727,4985,4751,3830,2453,1816,1363,940,571,02/03/2023
100974,20230203,S,332,233,191,163,289,832,2190,3895,3548,3305,3409,3566,3688,3574,4039,4470,4868,4713,3506,2519,2028,1754,1295,805,02/03/2023
100974,20230204,P,336,214,229,232,302,663,1153,1805,2480,2901,3587,3953,4241,4180,4282,4365,4566,3911,3092,2324,1852,1397,912,535,02/04/2023
100974,20230204,S,474,341,220,199,231,495,1043,1702,2331,3277,3749,3970,4036,4028,3828,3866,3955,3644,3068,2553,1888,1615,1453,966,02/04/2023
100974,20230205,P,374,271,187,198,247,488,763,1030,1634,2185,3111,3550,4077,4094,4199,4193,4176,3604,2658,1856,1341,945,562,318,02/05/2023
100974,20230205,S,579,375,200,178,184,352,792,1281,2014,2604,3299,3406,3432,3707,3375,3298,3158,3116,2542,1939,1542,1123,722,501,02/05/2023
100974,20230206,P,199,149,183,259,636,1451,2756,3823,3442,2708,2679,2969,3136,3296,3468,4001,4194,3852,2800,1756,1360,881,486,292,02/06/2023
100974,20230206,S,315,228,149,148,300,946,2237,4267,3542,3256,3062,3041,3080,3073,3345,3885,4197,3849,2531,1703,1298,940,700,390,02/06/2023
100974,20230207,P,193,145,177,256,594,1493,2746,3925,3680,2780,2739,3027,3277,3251,3628,4166,4518,4512,3028,1992,1519,970,482,282,02/07/2023
100974,20230207,S,231,183,139,177,287,896,2348,4438,3714,3258,3082,3044,3063,2992,3352,4042,4260,4034,2839,1845,1555,1217,859,549,02/07/2023
100974,20230208,P,171,150,150,254,608,1446,2750,3988,3606,2974,2830,3017,3311,3280,3619,4235,4416,4574,3007,1888,1622,1100,591,281,02/08/2023
100974,20230208,S,335,194,148,161,287,833,2289,4213,3622,3441,3336,2927,3044,3333,3485,4129,4468,4232,3034,1923,1462,1112,681,454,02/08/2023
100974,20230209,P,200,165,215,257,571,1248,2311,3424,3367,2614,2723,2964,3051,3152,3409,4162,4264,4124,2795,2079,1530,1076,637,362,02/09/2023
100974,20230209,S,303,198,131,141,301,725,2186,3803,3535,3229,2831,2860,2891,2988,3214,3842,3962,3878,2772,1922,1583,1160,799,472,02/09/2023
100974,20230210,P,212,172,184,302,570,1304,2335,3291,3659,3059,3079,3389,3901,4049,4275,4792,5035,4768,3695,2389,1812,1399,956,551,02/10/2023
100974,20230210,S,351,218,195,148,318,813,2086,3636,3483,3391,3406,3486,3642,3720,4034,4259,4720,4227,2829,2842,2424,1918,1194,842,02/10/2023
100974,20230211,P,310,236,207,219,306,577,1076,1662,2519,2889,3513,3986,4353,4402,4340,4366,4409,3951,3073,2441,1713,1338,1032,781,02/11/2023
100974,20230211,S,566,374,243,196,212,464,1000,1637,2433,3262,3946,4037,4038,4116,3939,3787,3909,3769,2962,2342,1939,1672,1541,957,02/11/2023
100974,20230212,P,304,261,212,166,242,442,699,1012,1483,2201,2890,3417,3711,3781,3936,4146,3309,2034,1612,1416,1916,1461,615,329,02/12/2023
100974,20230212,S,535,381,285,232,176,312,861,1039,1922,2290,2966,3178,3385,3177,3222,3193,2746,2143,1662,1502,2034,1846,966,518,02/12/2023
100974,20230213,P,200,160,158,256,605,1554,2663,3890,3571,2901,2880,3153,3414,3565,3727,4258,4369,4332,2929,1928,1437,896,519,342,02/13/2023
100974,20230213,S,351,229,142,156,279,903,2304,4228,3667,3420,3315,3233,3403,3321,3555,4227,4291,3904,2833,1840,1437,1113,879,469,02/13/2023
100974,20230214,P,204,135,165,256,668,1493,2714,3906,3735,2982,2896,3159,3483,3490,3897,4608,4812,4427,2999,1927,1436,883,463,289,02/14/2023
100974,20230214,S,292,207,141,174,313,914,2360,4412,3828,3468,3278,3224,3305,3254,3466,4274,4488,3974,2658,1955,1318,1115,707,528,02/14/2023
100974,20230215,P,198,132,147,192,350,629,927,1131,1098,937,858,967,1017,1210,1393,1352,1461,1294,951,701,499,367,340,226,02/15/2023
100974,20230215,S,335,206,136,111,176,384,844,1216,1124,1007,938,1012,923,1163,1189,1229,1438,1279,946,686,547,454,442,350,02/15/2023
100974,20230216,P,172,148,172,244,513,1119,1884,2549,2548,2579,2866,2659,3022,3302,3511,4030,4240,4107,2991,2085,1624,1207,660,368,02/16/2023
100974,20230216,S,238,190,137,176,255,581,1533,2601,2735,3115,3149,3001,2899,2894,3147,3891,3989,3822,2837,1894,1751,1232,813,524,02/16/2023
100974,20230217,P,224,192,224,289,644,1333,2494,3426,3478,3316,3461,3805,4094,4241,4432,4671,4872,4562,3662,2485,1839,1427,954,520,02/17/2023
100974,20230217,S,366,247,194,183,328,827,2100,3465,3497,3518,3623,3857,3821,3947,4390,4708,4863,4460,3633,2858,2063,1603,1171,906,02/17/2023
100974,20230218,P,348,217,235,260,306,672,967,1700,2333,2995,3620,4132,4190,4147,4362,4447,4452,3886,3205,2375,1774,1216,914,543,02/18/2023
100974,20230218,S,757,359,262,195,241,513,953,1749,2478,3312,3878,4265,4022,4057,4059,3862,3788,3598,2890,2533,1911,1621,1389,933,02/18/2023
100974,20230219,P,334,236,179,178,210,404,621,1046,1658,2355,3479,3968,4069,3972,4108,3643,3833,3322,2651,2015,1500,1043,653,407,02/19/2023
100974,20230219,S,570,343,241,184,176,352,588,1147,1908,2482,3248,3554,3785,3634,3482,3042,3295,3293,2703,2142,1766,1304,891,530,02/19/2023
100974,20230220,P,221,164,205,247,650,1346,2166,2924,2983,3181,3339,3765,3975,4158,4293,4389,4766,4327,2986,2068,1512,982,530,320,02/20/2023
100974,20230220,S,383,276,195,142,282,812,1811,3115,3087,3405,3137,4289,3941,3758,3994,4153,4127,4021,2844,2036,1533,1208,795,535,02/20/2023
100974,20230221,P,183,158,190,289,670,1539,2811,3951,3830,3039,3041,3147,3602,3424,3799,4411,4801,4885,3550,2200,1643,1095,618,309,02/21/2023
100974,20230221,S,379,258,186,173,310,1013,2453,4601,3956,3814,3226,3234,3311,3320,3593,4328,4509,4270,2434,2659,1684,1429,831,518,02/21/2023
100974,20230222,P,190,169,192,246,580,1210,2212,3291,3043,2361,2289,2535,2724,2628,2133,3394,3212,2844,1625,1179,943,652,460,651,02/22/2023
100974,20230222,S,353,198,168,135,299,752,1949,3802,3206,2726,2454,2401,2437,2533,2415,3114,3252,2595,1628,1082,806,733,532,308,02/22/2023
100974,20230223,P,218,156,164,248,523,1112,2032,2801,2811,3018,2988,3001,3262,3389,3739,4241,4395,4154,2785,1938,1411,1115,589,325,02/23/2023
100974,20230223,S,217,186,133,150,271,675,1711,2960,2898,3486,3277,2948,3099,3069,3379,4050,4041,3889,2665,1836,1447,1046,819,521,02/23/2023
100974,20230224,P,243,176,229,284,575,1281,2332,3447,3493,2978,3137,3502,3900,3990,4283,4659,4938,4812,3522,2427,1897,1476,1046,607,02/24/2023
100974,20230224,S,322,233,218,193,287,788,1946,3769,3565,3316,3454,3643,3542,3586,3669,4515,4939,4683,3674,2724,2056,1655,1232,781,02/24/2023
100974,20230225,P,343,233,229,265,320,647,1062,1736,2351,2591,3603,4055,4383,4438,4375,4591,4660,4205,3346,2273,1888,1560,1067,565,02/25/2023
100974,20230225,S,573,324,281,177,202,472,1084,1713,2702,3288,3841,4162,4213,3937,3795,3847,3975,3802,3151,2383,1930,1945,1380,961,02/25/2023
100974,20230226,P,387,261,227,205,248,494,751,1136,1696,2353,3322,3933,4246,4351,4086,4127,4133,3572,2653,1976,1372,939,546,369,02/26/2023
100974,20230226,S,646,396,260,196,186,308,804,1095,2015,2487,3195,3407,3658,3357,3437,3371,3326,3101,2742,2092,1639,1280,793,712,02/26/2023
100974,20230227,P,222,199,197,268,656,1533,2712,3800,3385,3159,2886,3093,3367,3286,3669,4229,4375,4256,3044,2017,1408,965,555,302,02/27/2023
100974,20230227,S,539,292,200,169,327,960,2386,4340,3715,3354,3269,3186,3313,3194,3388,4015,4223,3925,2798,1781,1349,1048,928,495,02/27/2023
100974,20230228,P,194,169,184,247,640,1520,2847,4084,3689,2876,2830,3268,3405,3519,3773,4308,4510,4641,3333,2037,1628,992,502,318,02/28/2023
100974,20230228,S,303,189,175,156,313,944,2454,4493,3821,3491,3301,3159,3132,3253,3560,3970,4519,4229,2933,1941,1464,1060,868,491,02/28/2023
100974,20230301,P,218,181,177,311,629,1482,2777,4044,3693,3149,3016,3129,3333,3377,3718,4285,4581,4385,3088,1916,1619,1023,583,323,03/01/2023
100974,20230301,S,319,204,184,153,329,893,2382,4452,3825,3393,3186,3118,3098,3132,3370,3997,4391,4138,2840,1855,1414,1147,729,589,03/01/2023
100974,20230302,P,180,166,192,273,622,1473,2678,3855,3504,3007,2843,3081,3393,3554,3897,4289,4671,4335,3336,2132,1625,1146,583,314,03/02/2023
100974,20230302,S,327,212,167,170,327,865,2275,4263,3608,3307,3089,3174,3186,3310,3570,4102,4329,4002,3156,2028,1609,1364,939,592,03/02/2023
100974,20230303,P,241,176,216,279,571,1302,2478,3527,3564,3027,3171,3564,3839,4253,4560,4788,5017,4667,3514,2351,1848,1311,1073,618,03/03/2023
100974,20230303,S,410,231,198,188,316,882,2207,3923,3545,3431,3466,3655,3641,3743,4173,4493,4581,4256,3514,2625,2004,1472,1184,934,03/03/2023
100974,20230304,P,349,265,226,244,332,676,1084,1652,2315,2902,3743,4057,4278,4409,4180,4358,4321,3818,3021,2379,1955,1379,1059,664,03/04/2023
100974,20230304,S,727,385,246,170,219,532,1047,1753,2458,3294,3636,3892,3964,3796,3554,3911,4132,3794,3054,2340,1944,1626,1313,990,03/04/2023
100974,20230305,P,373,249,219,197,242,491,834,1134,1768,2419,3272,3778,4080,4225,4104,4148,4057,3522,2681,1974,1451,939,561,395,03/05/2023
100974,20230305,S,590,381,254,194,187,319,788,1103,2029,2412,3228,3450,3641,3633,3467,3331,3466,3241,2771,2181,1572,1226,961,641,03/05/2023
100974,20230306,P,236,152,195,262,660,1542,2660,3707,3558,2969,2866,3110,3177,3397,3546,4318,4347,4232,2970,1927,1414,929,520,328,03/06/2023
100974,20230306,S,325,243,165,167,327,978,2386,4361,3602,3320,3287,3164,3318,3172,3446,3967,4232,3981,2832,1780,1404,1021,836,433,03/06/2023
100974,20230307,P,178,149,147,262,602,1491,2808,3577,2957,3435,2762,3087,3276,3528,3619,4354,4746,4442,3038,1903,1492,853,541,324,03/07/2023
100974,20230307,S,308,195,148,142,303,936,2366,4546,3763,3184,3117,3058,3049,3077,3512,4020,4209,4052,2826,1737,1345,1280,971,519,03/07/2023
100974,20230308,P,168,130,174,263,631,1551,2766,4007,3500,2970,2842,3141,3314,3469,3852,4526,4857,4451,3078,2002,1624,1116,592,317,03/08/2023
100974,20230308,S,349,210,131,142,304,913,2316,4482,3687,3482,3071,3067,3139,3143,3373,4125,4446,4263,2911,1880,1516,1183,984,567,03/08/2023
100974,20230309,P,206,193,189,291,612,1488,2870,3885,3676,3142,3095,3431,3477,3706,4036,4671,4830,4711,3388,2285,1769,1178,789,388,03/09/2023
100974,20230309,S,399,197,157,159,307,917,2379,4433,3836,3466,3350,3356,3372,3513,3745,4318,4548,4290,3354,2230,1711,1365,1083,650,03/09/2023
100974,20230310,P,245,177,193,288,580,1328,2601,3718,3484,2955,3266,3751,4079,4194,4531,4866,5348,4958,4014,2631,2009,1645,980,630,03/10/2023
100974,20230310,S,391,294,169,177,328,961,2286,4041,3879,3547,3551,3772,4012,3977,4318,4751,4757,4701,3661,2569,2160,1776,1641,920,03/10/2023
100974,20230311,P,405,277,243,192,324,618,1134,1941,2565,3396,4032,4452,4676,4832,4805,4841,5201,4482,3356,2507,1907,1585,1073,635,03/11/2023
100974,20230311,S,609,410,303,219,298,612,1179,2061,2864,3729,4053,4300,4074,4132,4023,4065,3900,3650,3317,2577,2364,1857,1793,913,03/11/2023
100974,20230313,P,231,184,198,250,625,1497,2570,3742,3412,3004,3078,3284,3456,3519,3850,4536,4331,4242,3556,2215,1761,1075,593,354,03/13/2023
100974,20230313,S,469,286,200,166,314,995,2183,4117,3658,3423,3448,3516,3360,3402,3640,4084,4363,4069,2987,2026,1500,1202,786,512,03/13/2023
100974,20230314,P,211,176,173,261,640,1492,2677,3842,3950,3047,3075,3247,3567,3749,4123,4626,4912,4876,3725,2438,1906,1197,653,379,03/14/2023
100974,20230314,S,290,170,180,191,335,963,2335,4393,4014,3676,3751,3474,3517,3464,3741,4209,4599,4363,3212,2078,1708,1301,891,703,03/14/2023
100974,20230315,P,239,172,204,299,625,1433,2748,3966,3828,3374,3221,3425,3771,3923,4208,4884,5029,5004,3819,2613,2053,1254,665,395,03/15/2023
100974,20230315,S,378,240,188,160,356,917,2345,4491,4060,3788,3797,3863,3924,3731,3911,4508,4776,4495,2947,2532,1783,1441,1020,583,03/15/2023
100974,20230316,P,280,202,227,311,628,1268,2311,3553,3327,2667,2732,3009,3214,3328,3635,4285,4534,4334,3004,2204,1685,1214,646,389,03/16/2023
100974,20230316,S,381,234,196,185,319,778,1859,3705,3414,3309,2995,3098,3301,3228,3370,4051,4188,3921,2880,2055,1651,1336,910,582,03/16/2023
100974,20230317,P,260,201,214,315,575,1304,2302,3297,3275,3413,3346,3687,4055,4183,4226,4995,5074,4838,3654,2702,2183,1481,1070,684,03/17/2023
100974,20230317,S,404,230,183,190,358,805,2181,3894,3689,3550,3644,4014,4144,4094,4395,4639,4747,4649,3667,2579,2249,1719,1360,990,03/17/2023
100974,20230318,P,468,342,299,261,320,596,1047,1698,2401,3139,3801,4280,4661,4461,4623,4584,4632,4057,3388,2568,2149,1551,1148,649,03/18/2023
100974,20230318,S,639,414,288,212,281,564,1098,1739,2698,3486,4122,4586,4507,4351,4216,4070,4023,4107,3327,2637,2227,1759,1399,1079,03/18/2023
100974,20230319,P,391,285,260,214,257,519,742,1139,1770,2306,3217,3789,4194,4290,4465,4522,4268,3842,2971,2271,1719,1098,629,453,03/19/2023
100974,20230319,S,622,361,316,211,217,420,864,1183,2016,2590,3440,3689,4003,3729,3476,3549,3565,3306,2667,2237,1791,1365,972,843,03/19/2023
100974,20230320,P,292,208,218,287,674,1574,2673,3849,3529,2982,3032,3228,3457,3620,3794,4458,4471,4770,3084,2162,1539,985,590,356,03/20/2023
100974,20230320,S,482,245,159,137,335,1001,2307,4213,3969,3404,3479,3514,3507,3506,3504,4151,4413,4034,2750,2005,1458,1113,997,633,03/20/2023
100974,20230321,P,208,157,177,278,623,1469,2805,3855,3695,3029,3247,3385,3548,3695,4060,4674,4780,4701,3333,2339,1691,1060,647,359,03/21/2023
100974,20230321,S,331,225,181,173,308,969,2343,4471,3959,3630,3478,3517,3436,3347,3725,4406,4401,4272,3155,1988,1585,1242,798,561,03/21/2023
100974,20230322,P,205,181,191,282,630,1415,2842,4032,3882,3139,3127,3349,3535,3774,4216,4650,4845,4848,3335,2354,1793,1169,685,362,03/22/2023
100974,20230322,S,329,202,171,161,328,943,2309,4367,3950,3587,3534,3514,3510,3381,3759,4201,4457,4294,3177,2155,1604,1448,911,540,03/22/2023
100974,20230323,P,245,201,232,337,665,1483,2761,3908,3833,3089,3183,3437,3753,3934,4235,4630,4983,4824,3741,2467,1933,1328,719,432,03/23/2023
100974,20230323,S,374,256,167,181,362,933,2408,4193,3769,3582,3582,3691,3590,3573,3902,4610,4670,4453,3336,2259,1769,1433,917,637,03/23/2023
100974,20230324,P,268,225,227,329,647,1392,2501,3571,3500,3317,3453,3889,4122,4409,4770,5020,5195,4907,3475,2651,1923,1428,983,575,03/24/2023
100974,20230324,S,366,252,249,206,324,914,2211,3706,3620,3560,3659,3798,4061,4167,4436,4621,4733,4576,3586,2668,2131,1650,1491,955,03/24/2023
100974,20230325,P,413,262,282,280,346,629,946,1566,2266,2997,3715,4007,4185,4392,4462,4481,4328,3888,2972,2485,1826,1487,983,590,03/25/2023
100974,20230325,S,514,343,298,222,249,501,939,1710,2475,3418,3931,3998,3951,4150,3648,3620,3603,3379,2842,2328,2086,1601,1424,875,03/25/2023
100974,20230326,P,397,320,269,243,247,444,733,981,1602,2152,3080,3676,4067,4017,3917,4011,3790,3306,2698,2004,1482,974,618,383,03/26/2023
100974,20230326,S,575,401,262,190,204,328,657,1038,1731,2411,3061,3396,3484,3542,3363,3178,3241,3189,2412,1990,1645,1069,900,650,03/26/2023
100974,20230327,P,264,187,228,295,637,1420,2379,2843,3009,2597,2646,2859,3161,3156,3341,3555,3794,3717,2507,1665,1313,916,544,357,03/27/2023
100974,20230327,S,377,269,173,167,309,816,1758,3025,2658,2965,3030,3369,2929,3238,3139,3525,3587,3347,2292,1600,1356,951,827,657,03/27/2023
100974,20230328,P,201,134,193,261,611,1426,2548,3354,3316,2994,2832,3157,3375,3463,3656,4033,4206,4335,3042,2129,1532,1042,603,361,03/28/2023
100974,20230328,S,355,232,154,160,295,963,2160,3641,3211,3257,3388,3271,3162,3232,3450,3935,4226,3837,3093,1892,1533,1224,968,679,03/28/2023
100974,20230329,P,224,177,171,277,609,1418,2628,3388,3368,3167,3093,3363,3488,3667,3850,4202,4477,4381,3128,2110,1661,1020,600,404,03/29/2023
100974,20230329,S,420,242,180,161,314,904,2209,3568,3311,3367,3423,3345,3439,3431,3475,3971,4250,4120,3126,2002,1550,1304,904,671,03/29/2023
100974,20230330,P,268,179,213,298,629,1385,2564,3323,3398,3229,3188,3291,3633,3787,3885,4369,4474,4494,3143,2238,1695,1205,802,718,03/30/2023
100974,20230330,S,547,225,196,169,322,878,2181,3465,3322,3456,3389,3449,3459,3398,3543,3913,4381,4265,3228,2161,1683,1356,956,831,03/30/2023
100974,20230331,P,278,208,196,266,559,1299,2253,3117,3103,3186,3285,3528,3787,4181,4325,4656,4678,4356,3409,2573,1892,1251,956,618,03/31/2023
100974,20230331,S,555,283,242,202,284,889,1948,3090,3341,3201,3421,3572,3695,3751,3970,3965,4475,4350,3234,2345,1985,1763,1300,855,03/31/2023
100974,20230401,P,399,291,209,236,361,699,1197,1852,2520,3181,3821,4193,4408,4493,4627,4695,4612,4114,3554,2701,2153,1542,1110,676,04/01/2023
100974,20230401,S,554,451,287,271,245,516,1147,1865,2644,3489,3721,3985,3994,3950,3887,3843,3806,3643,3096,2516,2251,1885,1531,1096,04/01/2023
100974,20230402,P,430,251,244,184,243,454,790,1218,1754,2426,3175,3809,4238,4253,4421,4406,4290,3995,3153,2376,1702,1152,754,453,04/02/2023
100974,20230402,S,706,527,351,252,205,375,659,1035,1936,2511,3220,3606,3709,3700,3828,3500,3453,3181,2810,2350,1965,1620,1268,687,04/02/2023
100974,20230403,P,286,189,189,257,675,1491,2820,3895,3597,3006,2973,3099,3261,3445,3764,4478,4490,4597,3198,2146,1606,1022,582,355,04/03/2023
100974,20230403,S,560,367,247,213,348,998,2351,4380,3676,3462,3421,3328,3406,3333,3553,4095,4377,4031,2963,1992,1483,1129,812,540,04/03/2023
100974,20230404,P,202,152,157,248,605,1382,2681,3747,3344,2924,2673,2787,2965,3089,3545,4004,4404,4218,2887,1811,1452,975,510,316,04/04/2023
100974,20230404,S,515,281,174,151,301,881,2233,4225,3607,3490,3031,2827,3178,2970,3236,3772,3787,3544,2426,1568,1266,991,791,555,04/04/2023
100974,20230405,P,207,137,177,272,641,1343,2633,3875,3472,3118,3002,3241,3348,3497,3861,4292,4646,4685,3342,2162,1757,1126,659,358,04/05/2023
100974,20230405,S,571,242,180,162,276,806,2207,4163,3631,3525,3509,3296,2802,3204,3353,4117,4494,4228,2909,2160,1524,1156,782,440,04/05/2023
100974,20230406,P,199,184,175,307,592,1330,2286,2938,3270,3756,3314,3325,3587,3577,3836,4526,4755,4751,3576,2614,1925,1349,843,431,04/06/2023
100974,20230406,S,334,210,202,179,305,634,2008,3526,3335,3728,3313,3090,3315,3427,3562,4202,4184,4311,3296,2656,1842,1501,1025,667,04/06/2023
100974,20230407,P,308,203,231,297,590,1322,2431,3739,3636,3333,3470,3904,4263,4364,4636,5103,4694,4165,4482,2892,2411,1428,1014,605,04/07/2023
100974,20230407,S,459,270,205,195,299,784,2179,3681,3638,3578,3848,4055,4087,4021,4240,4607,4668,4048,3734,2928,2462,1829,1416,883,04/07/2023
100974,20230408,P,399,259,216,216,312,528,1017,1791,2693,3190,4002,4162,4684,4776,4779,4810,4696,3972,3318,2661,2193,1389,1047,815,04/08/2023
100974,20230408,S,684,406,267,204,252,465,1031,1912,2739,3720,4203,4552,4426,4366,4156,4107,3991,3885,3215,2549,2121,1644,1585,1011,04/08/2023
100974,20230409,P,435,279,215,175,208,361,592,1102,1730,2790,3526,4141,4289,4014,3675,3826,4061,3860,3359,2805,2052,1494,746,402,04/09/2023
100974,20230409,S,625,460,282,223,206,332,624,1068,1880,2694,3451,3718,3755,3510,2969,3097,3296,3620,3254,2901,2201,1632,988,587,04/09/2023
100974,20230410,P,227,174,179,274,685,1508,2832,3942,3687,3117,3077,3376,3585,3515,3833,4486,4666,4669,3130,2375,1771,1106,570,361,04/10/2023
100974,20230410,S,319,249,160,154,316,964,2480,4370,3769,3681,3567,3702,3495,3368,3587,4193,4333,4199,3076,2109,1660,1251,974,605,04/10/2023
100974,20230411,P,220,185,194,283,710,1442,2932,4007,4027,3137,3069,3183,3549,3037,3599,4690,5047,4788,3504,2453,1923,1150,679,362,04/11/2023
100974,20230411,S,395,225,152,179,402,1056,2548,4627,3883,3664,3502,3433,3394,3274,3477,4152,4413,4168,3028,2110,1726,1333,1023,752,04/11/2023
100974,20230412,P,247,177,202,279,670,1462,2906,3969,3947,3235,3207,3645,3685,3705,3938,4501,4552,4699,3446,2451,1910,1256,687,400,04/12/2023
100974,20230412,S,380,214,164,176,344,967,2514,4580,4001,3620,3511,2982,3796,3347,3639,4215,4612,4410,3276,2313,1809,1322,830,561,04/12/2023
100974,20230413,P,235,206,204,288,649,1506,2817,4088,3843,3172,3110,3459,3873,3903,4343,4852,4903,4828,3827,2561,1944,1282,722,423,04/13/2023
100974,20230413,S,335,197,172,175,369,927,2564,4519,3919,3546,3468,3481,3651,3655,3832,4348,4800,4432,3341,2229,1813,1651,1163,723,04/13/2023
100974,20230414,P,228,203,243,275,579,1334,2525,3665,3582,3207,3395,3836,4065,3731,3962,4377,4382,3932,3335,2132,1796,1282,901,560,04/14/2023
100974,20230414,S,475,333,183,201,351,914,2294,3944,3794,3546,3509,3879,4013,3740,4160,4163,4045,4001,3361,2165,1766,1625,1130,779,04/14/2023
100974,20230415,P,336,232,229,233,292,592,877,1542,2259,2865,3636,4075,4264,4213,4480,4117,4170,3851,3262,2810,2247,1637,1207,837,04/15/2023
100974,20230415,S,587,382,200,175,245,419,893,1518,2256,3033,3483,3743,4048,3830,3749,3740,3867,3799,3265,2548,2211,1898,1483,1014,04/15/2023
100974,20230416,P,409,287,236,207,239,481,775,1180,1896,2506,3428,3867,4308,4203,4371,4372,4312,3957,3250,2396,1722,1204,716,378,04/16/2023
100974,20230416,S,643,430,343,291,252,340,947,1282,2040,2612,3423,3695,3910,3737,3774,3695,3736,3504,2949,2414,2152,1473,1015,767,04/16/2023
100974,20230417,P,257,208,233,285,634,1546,2897,4011,3648,2980,2944,3268,3476,3727,3912,4429,4718,4539,3298,2273,1912,1250,775,411,04/17/2023
100974,20230417,S,683,359,159,212,341,1049,2532,4503,3984,3676,3617,3647,3532,3355,3766,4314,4448,4451,3175,2056,1592,1289,911,557,04/17/2023
100974,20230418,P,215,179,185,302,630,1386,3025,4091,3929,2570,3276,3312,3544,3679,3910,4585,4778,4828,3603,2452,2032,1326,1033,529,04/18/2023
100974,20230418,S,347,236,191,173,349,1054,2659,4783,4187,3557,3112,3809,3433,3455,3621,4175,4502,4344,3283,2185,1569,1289,906,739,04/18/2023
100974,20230419,P,285,178,204,268,675,1505,2817,3983,3968,3315,3194,3481,3671,3933,4055,4759,4801,4957,3883,2588,2030,1311,859,477,04/19/2023
100974,20230419,S,524,237,151,157,342,939,2642,4663,4007,3770,3598,3488,3546,3398,3780,4420,4562,4539,3115,2171,1647,1343,999,792,04/19/2023
100974,20230420,P,256,213,227,311,685,1499,3004,4228,3930,3278,3060,3722,3938,4075,4522,4718,5279,5187,3846,2598,1906,1400,844,497,04/20/2023
100974,20230420,S,566,250,183,202,355,959,2522,4548,3928,3630,3562,3429,3431,3520,3679,4427,4645,4431,3555,2334,1822,1594,1064,1004,04/20/2023
100974,20230421,P,297,186,252,310,599,1418,2644,3954,3726,3467,3567,4050,4312,4458,4731,4803,5304,5070,3797,2758,2050,1503,978,654,04/21/2023
100974,20230421,S,676,291,201,205,352,902,2242,4001,3698,3635,3997,3931,3684,4442,4377,4888,4976,4738,3654,2601,2096,1766,1246,896,04/21/2023
100974,20230422,P,406,269,251,227,264,536,980,1472,1982,2521,3037,3623,3835,3832,3916,3842,3783,3224,2727,2176,1845,1223,950,605,04/22/2023
100974,20230422,S,642,392,205,158,182,387,701,1363,1995,2535,2774,3346,3465,3460,3290,3466,3557,3191,2713,2164,1866,1497,1221,994,04/22/2023
100974,20230423,P,377,254,226,193,259,459,745,1122,1597,2402,3342,3901,4223,4293,4360,4275,4352,3768,3094,2207,1728,1134,675,462,04/23/2023
100974,20230423,S,644,376,238,164,186,347,581,1012,1989,2501,3270,3747,3842,3969,3733,3620,3556,3414,2822,2275,1847,1400,883,981,04/23/2023
100974,20230424,P,250,193,185,288,634,1446,2890,3822,3619,3038,3071,3309,3686,3546,3976,4499,4439,4427,3234,2164,1697,997,596,365,04/24/2023
100974,20230424,S,566,345,209,176,338,1060,2430,4258,3809,3574,3576,3327,3444,3489,3714,4154,4280,3892,2943,2250,1538,1244,802,523,04/24/2023
100974,20230425,P,241,152,188,273,644,1409,2838,4072,3705,2994,2925,3223,3435,3599,3826,4264,4290,4151,2745,1836,1356,900,482,314,04/25/2023
100974,20230425,S,333,240,177,182,331,951,2495,4288,3954,3464,3140,3257,3264,3123,3534,3911,4019,3481,2329,1729,1206,970,960,647,04/25/2023
100974,20230426,P,184,155,141,244,516,1024,1956,2740,2731,3008,2709,2624,2978,3021,3258,3927,4168,4202,2920,2050,1819,1193,643,362,04/26/2023
100974,20230426,S,331,176,167,143,242,616,1587,2822,2725,3248,3001,2783,2746,2803,2966,3675,3909,3919,2847,1949,1543,1251,853,730,04/26/2023
100974,20230427,P,247,196,226,300,654,1478,2947,4247,3961,3184,3230,3513,3758,3890,4084,4762,4947,4784,3474,2597,1986,1217,712,397,04/27/2023
100974,20230427,S,449,247,227,196,383,943,2555,4497,3996,3741,3532,3640,3400,3571,3643,4714,4819,4691,3505,2170,1620,1203,950,713,04/27/2023
100974,20230428,P,246,202,212,293,588,1206,2419,3680,3554,3141,3214,3620,3830,4276,4795,5094,5310,5065,3986,2774,2321,1683,982,652,04/28/2023
100974,20230428,S,392,254,163,186,316,769,2095,3787,3827,3532,3520,3819,3729,3878,4189,4702,4842,4577,3943,2744,2306,1859,1395,1017,04/28/2023
100974,20230429,P,359,271,249,207,302,633,1208,2010,2746,3361,4149,4378,4567,4829,4765,5106,5127,4400,3527,2824,2290,1802,1240,799,04/29/2023
100974,20230429,S,720,415,248,221,259,470,1123,2044,3028,3817,4229,4580,4422,4213,4108,4022,3979,3862,3300,2649,2236,2002,1807,1268,04/29/2023
100974,20230430,P,446,308,273,201,278,435,758,1287,1987,2654,3526,4385,4484,4416,4612,4482,4508,3995,3255,2369,1798,1207,687,470,04/30/2023
100974,20230430,S,797,427,302,275,193,340,664,1155,2251,2855,3504,3788,4054,3944,3915,3652,3810,3539,3028,2365,1845,1422,1027,1057,04/30/2023
100974,20230501,P,245,199,185,267,650,1584,2916,3935,3726,3093,3048,3303,3455,3643,3894,4414,4426,4589,3228,2212,1713,1060,574,369,05/01/2023
100974,20230501,S,492,318,207,201,340,1005,2554,4434,3795,3683,3365,3498,3453,3300,3657,4282,4332,4082,2868,2064,1565,1174,760,684,05/01/2023
100974,20230502,P,221,160,189,272,639,1558,3136,3981,3793,3229,3065,3320,3516,3531,3784,4723,4801,4629,3372,2340,1799,1074,638,406,05/02/2023
100974,20230502,S,350,267,186,189,338,1009,2530,4734,4006,3743,3346,3080,3214,3366,3560,4237,4454,4315,3068,2085,1636,1231,961,671,05/02/2023
100974,20230503,P,222,176,198,295,605,1487,3086,4173,3961,3134,3242,3388,3641,3674,4009,4615,4851,4677,3289,2400,1904,1286,665,402,05/03/2023
100974,20230503,S,348,196,165,164,354,985,2512,4707,3978,3645,3520,3208,3458,3499,3619,4291,4602,4315,3249,2209,1738,1309,959,631,05/03/2023
100974,20230504,P,244,216,218,300,621,1476,2930,3964,3904,3328,3286,3573,3814,3963,4323,4688,4849,4819,3537,2524,2037,1477,849,497,05/04/2023
100974,20230504,S,341,225,182,175,377,941,2550,4499,3897,3706,3394,3570,3457,3491,3752,4690,4752,4397,3425,2266,1768,1506,1161,949,05/04/2023
100974,20230505,P,292,177,252,301,540,1435,2784,3855,3633,3478,3560,3973,4255,4477,4590,4960,5227,4959,3936,2783,2312,2089,1242,730,05/05/2023
100974,20230505,S,534,307,209,199,328,919,2382,4213,3782,3649,3987,4035,4045,4046,4334,4787,4725,4737,3975,3052,2406,1877,1421,1122,05/05/2023
100974,20230506,P,440,295,286,253,325,702,1297,2167,3009,3629,4005,4315,4558,4427,4767,4691,4562,4163,3342,2674,2182,1573,1154,720,05/06/2023
100974,20230506,S,827,450,310,230,256,519,1126,1974,2886,3695,4153,4279,4112,4162,4010,3977,3757,3748,3234,2681,2226,1820,1522,1637,05/06/2023
100974,20230507,P,414,272,204,214,225,495,818,1292,1964,2684,3581,4062,4445,4463,4387,4312,4222,3918,3137,2269,1853,1164,712,467,05/07/2023
100974,20230507,S,813,426,292,195,226,336,760,1313,2244,2785,3436,3756,4063,3981,3831,3652,3801,3481,2968,2214,1875,1489,940,619,05/07/2023
100974,20230508,P,238,157,191,286,654,1604,3023,3947,3593,3108,3098,3307,3434,3710,3975,4392,4454,4582,3159,2159,1789,1066,622,349,05/08/2023
100974,20230508,S,580,317,226,182,345,986,2455,4467,3960,3533,3444,3494,3469,3403,3735,4198,4393,4202,2924,1992,1578,1207,813,632,05/08/2023
100974,20230509,P,227,146,208,292,661,1540,3090,4128,4009,3323,3083,3429,3567,3721,4093,4705,4917,4821,3434,2424,1958,1214,676,396,05/09/2023
100974,20230509,S,415,281,208,188,357,962,2563,4649,3850,3695,3538,3436,3493,3387,3576,4389,4599,4358,3429,2209,1677,1305,1026,768,05/09/2023
100974,20230510,P,254,172,197,303,623,1507,3165,4066,3938,3415,3171,3364,3664,3854,4146,4467,4650,4181,3040,1959,1690,1102,569,335,05/10/2023
100974,20230510,S,667,310,164,188,357,923,2538,4513,4035,3567,3454,3481,3519,3492,3821,4087,4421,3919,2937,1994,1415,1126,787,598,05/10/2023
100974,20230511,P,252,202,240,306,645,1285,2428,3110,3216,3131,2922,3255,3527,3504,3888,4301,4597,4288,3019,2069,1719,1174,698,385,05/11/2023
100974,20230511,S,471,262,208,182,346,890,2198,3949,3444,3121,3082,3219,3085,3229,3423,3932,3900,3745,2876,2204,1596,1207,1071,688,05/11/2023
100974,20230512,P,247,207,256,329,530,1268,2567,3883,3706,3391,3561,4096,4360,4506,4590,5223,5138,5237,4621,2982,2424,1646,1152,684,05/12/2023
100974,20230512,S,535,287,205,201,337,809,2141,3930,3777,3928,3978,4199,4188,4380,4440,4809,4810,4830,3746,2814,2480,2078,1570,1048,05/12/2023
100974,20230513,P,413,319,290,304,332,632,1349,2015,2690,3483,4194,4639,4820,5037,5094,5155,5106,4541,3457,2784,2091,1682,1174,655,05/13/2023
100974,20230513,S,700,472,287,211,267,531,1045,1856,3074,4067,3704,4390,5009,4252,4381,4329,4269,3884,3321,2612,2150,2136,1778,1292,05/13/2023
100974,20230514,P,452,293,247,220,245,401,695,1159,1936,2798,4166,4667,4612,4640,4434,4384,4333,3799,3082,2675,2021,1359,754,424,05/14/2023
100974,20230514,S,727,476,280,190,217,309,584,1003,2084,2694,3819,3865,4235,4223,3780,3861,3968,3773,3276,2565,2054,1458,996,685,05/14/2023
100974,20230515,P,264,194,191,305,627,1544,2966,3607,3566,3544,3238,3573,3648,3629,4064,4661,4696,4701,3271,2421,1775,1111,712,381,05/15/2023
100974,20230515,S,449,268,198,199,334,987,2492,4446,3781,3510,3823,3693,3846,3508,3822,4412,4499,3897,2773,2677,1717,1389,999,689,05/15/2023
100974,20230516,P,250,181,216,290,633,1488,3161,3949,4205,3478,3164,3444,3900,4092,4000,4836,5100,5253,3750,2505,1997,1238,780,418,05/16/2023
100974,20230516,S,559,238,193,174,333,969,2629,4667,3853,3879,3570,3562,3781,3564,3822,4380,4589,4442,3296,2168,1882,2038,1461,822,05/16/2023
100974,20230517,P,251,179,232,329,649,1509,3130,4099,4172,3600,3366,3705,4068,4170,4326,4703,4779,4930,3482,2395,2002,1308,761,474,05/17/2023
100974,20230517,S,568,307,176,185,346,974,2499,4512,3840,3795,3700,3652,4023,3705,4007,4252,4808,4820,3443,2517,1941,1611,1086,636,05/17/2023
100974,20230518,P,305,212,253,373,726,1598,3210,4142,4150,3375,3460,3894,4035,3999,3856,4848,4713,4897,3325,2389,2118,1340,749,457,05/18/2023
100974,20230518,S,411,271,184,177,367,963,2574,4506,3953,3697,3758,3821,3528,3666,3889,4516,4474,4121,3256,2418,1819,1470,1218,861,05/18/2023
100974,20230519,P,295,196,240,321,566,1455,2633,3572,3732,3340,3543,3916,4157,4435,4623,4955,4979,4871,3636,2513,2065,1632,1036,629,05/19/2023
100974,20230519,S,507,296,232,216,331,849,2225,3840,3522,3629,3855,3949,4048,4088,4358,4440,5027,4461,3989,2902,2260,1860,1394,935,05/19/2023
100974,20230520,P,396,250,270,264,382,696,1321,2098,2726,3433,3962,4478,4891,5120,4984,4925,4766,4085,3305,2566,2113,1847,1344,993,05/20/2023
100974,20230520,S,627,408,285,193,277,531,1286,2107,3285,3957,3930,4316,4594,4307,4174,4074,4219,3996,3338,2688,2329,2046,1664,1169,05/20/2023
100974,20230521,P,414,277,224,244,297,494,919,1431,2025,2819,3797,4218,4758,4670,4798,4791,4776,4202,3412,2569,2120,1412,790,531,05/21/2023
100974,20230521,S,790,476,282,241,259,404,964,1409,2426,3027,3685,3887,4269,4141,3884,3936,3741,3568,3187,2568,2096,1416,1107,942,05/21/2023
100974,20230522,P,317,201,218,313,659,1589,2873,4082,3624,3250,3187,3621,3568,3724,4004,4610,4689,4778,3285,2252,1743,1180,690,387,05/22/2023
100974,20230522,S,760,351,275,215,345,1023,2513,4447,3847,3707,3886,3716,3656,3597,3853,4234,4545,4410,3142,2075,1698,1193,1040,848,05/22/2023
100974,20230523,P,256,191,190,315,698,1623,3087,4164,3915,3299,3230,3552,3902,3974,4072,4576,4822,4890,3367,2350,1926,1205,787,412,05/23/2023
100974,20230523,S,432,263,194,210,311,981,2602,4589,4007,3773,3754,3631,3591,3657,3991,4468,4598,4316,3203,2308,1827,1184,1085,887,05/23/2023
100974,20230524,P,252,198,214,284,674,1591,2992,4022,3918,3338,3348,3692,3955,4039,4178,4509,4881,4588,3243,2292,1968,1319,829,447,05/24/2023
100974,20230524,S,646,307,205,169,331,959,2512,4418,4083,3753,3555,3511,3784,3487,4122,4363,4480,4239,3386,2199,1772,1478,1148,701,05/24/2023
100974,20230525,P,333,239,242,327,664,1630,3001,4023,4115,3481,3489,3887,4017,4252,4478,4607,4852,4992,3902,2616,2211,1562,1064,550,05/25/2023
100974,20230525,S,518,312,231,211,389,1012,2637,4303,3943,3791,3986,3956,4011,4074,4322,4610,4618,4666,3666,2826,2151,1767,1264,811,05/25/2023
100974,20230526,P,342,279,227,340,671,1394,2571,3481,3563,3640,3871,4254,4666,4834,5243,4940,4683,4531,3464,2708,2285,1767,1158,739,05/26/2023
100974,20230526,S,602,377,253,235,422,988,2323,3741,3732,4171,4523,4830,4586,4918,4862,4665,4523,4610,4112,3009,2551,2245,1642,1126,05/26/2023
100974,20230527,P,450,326,286,256,368,621,1265,1898,2708,3389,3954,4236,4401,4586,4673,4856,4763,4183,3756,3162,2618,1972,1459,1206,05/27/2023
100974,20230527,S,735,482,318,232,334,728,1421,2489,3350,4265,4834,5148,4667,4519,4196,3736,4107,3591,3045,2499,2030,2030,1799,1264,05/27/2023
100974,20230528,P,465,301,275,250,292,497,891,1389,2082,2902,4029,4561,4542,4639,4672,4609,4414,4070,3570,2942,2261,1751,1184,674,05/28/2023
100974,20230528,S,699,506,297,212,273,414,797,1574,2446,3298,4136,4054,4348,3899,3715,3589,3582,3634,3044,2474,1952,1695,1222,858,05/28/2023
100974,20230529,P,374,264,234,228,356,668,979,1502,2033,2813,3680,4202,4490,4705,4730,4326,4488,4539,3582,2678,2127,1687,949,539,05/29/2023
100974,20230529,S,632,443,193,177,244,466,899,1469,2175,3094,3781,3985,4041,3804,3671,3370,3369,2792,2601,2135,1871,1566,1157,742,05/29/2023
100974,20230530,P,307,211,239,279,706,1763,3020,3855,3854,3461,3602,3947,4119,4205,4218,4660,4977,4947,3385,2679,1975,1439,739,447,05/30/2023
100974,20230530,S,520,344,198,172,364,1074,2630,4291,3945,3858,4119,4023,4065,3903,4088,4394,4507,4449,3369,2341,1869,1484,1207,786,05/30/2023
100974,20230531,P,283,180,234,306,674,1696,3187,4152,3886,3531,3635,3796,4111,4316,4305,4628,5052,5073,3541,2757,2093,1539,966,488,05/31/2023
100974,20230531,S,515,316,208,178,373,1026,2621,3982,3920,3888,3975,4167,4101,3862,4280,4593,4820,4571,3190,2812,1991,1592,1219,783,05/31/2023
100974,20230601,P,309,239,264,353,731,1626,3114,3864,709,3720,3651,4416,3940,3601,4223,4461,4760,4706,3816,2339,1870,1506,834,496,06/01/2023
100974,20230601,S,593,329,218,219,442,1160,2551,4073,2841,3253,3375,3279,2590,3893,4845,4513,4459,4377,3319,2424,1779,1638,1362,794,06/01/2023
100974,20230602,P,336,237,271,367,637,1592,2762,3690,3751,3580,3865,3596,4130,4631,4625,5065,5061,4927,3810,2779,2341,1868,1087,659,06/02/2023
100974,20230602,S,577,323,210,236,356,1034,2401,3864,3710,4115,4262,4336,4442,4300,4565,4895,4765,4585,3874,2754,2354,1917,1357,959,06/02/2023
100974,20230603,P,390,293,283,318,390,748,1272,2080,2669,3193,3612,4052,4053,4534,4116,4042,3996,3764,3105,2441,1990,1675,1210,741,06/03/2023
100974,20230603,S,613,465,275,187,302,587,1170,1916,2618,3272,3370,4330,3936,3885,3954,3760,3994,3502,2869,2415,2031,1819,1504,944,06/03/2023
100974,20230604,P,426,310,257,216,250,481,831,1253,1899,2442,3355,4041,4463,4343,4417,4293,4307,3359,2612,2151,1800,1380,803,468,06/04/2023
100974,20230604,S,760,423,262,225,233,427,751,1158,1985,2484,3218,3654,3773,3718,3583,3431,3323,3061,2592,2049,1692,1625,1210,746,06/04/2023
100974,20230605,P,291,223,211,320,663,1646,2839,3658,3656,3262,3413,3647,3805,3932,3764,4456,4648,4730,3242,2144,1772,1175,726,401,06/05/2023
100974,20230605,S,496,305,210,182,375,1098,2464,4115,3839,3806,3895,3882,3865,3506,3962,4071,4310,4188,2967,2028,1649,1290,955,638,06/05/2023
100974,20230606,P,281,182,236,318,624,1640,3093,4009,3798,3475,3399,3655,4011,4175,4404,4733,5210,5176,3273,2370,1884,1284,718,424,06/06/2023
100974,20230606,S,490,317,211,197,360,1079,2600,4206,4012,3815,3791,3733,3790,3659,3826,4391,4357,4284,3441,2322,1886,1429,1142,1169,06/06/2023
100974,20230607,P,266,186,239,322,680,1642,3092,3844,3841,3428,3513,3758,3997,3674,3918,4541,4831,4744,3353,2297,1895,1693,901,512,06/07/2023
100974,20230607,S,737,312,197,173,337,1043,2579,4214,4088,3753,3868,4004,3651,3359,4026,4342,4525,4445,3217,2292,1736,1528,1175,723,06/07/2023
100974,20230608,P,306,256,263,314,634,1612,2989,3861,4022,3502,3773,3800,3974,4117,4284,4650,4897,4598,4025,2649,2088,1670,898,551,06/08/2023
100974,20230608,S,492,281,187,204,339,1001,2545,4206,3975,3954,3800,4035,3873,3904,4259,4097,5010,4596,3843,2750,1987,1572,1154,680,06/08/2023
100974,20230609,P,330,246,281,353,631,1503,2761,3641,3664,3710,3895,4149,4539,4486,4714,4640,5177,4709,3454,2570,2086,1964,1113,915,06/09/2023
100974,20230609,S,440,347,314,326,393,959,2344,3803,3890,3948,4126,4365,4463,4405,4529,4825,4837,4639,3920,2713,2245,1804,1576,1179,06/09/2023
100974,20230610,P,435,284,293,240,382,704,1446,2295,3010,3890,4305,4600,4168,4411,4627,4702,4348,4620,3365,2655,2189,1820,1117,762,06/10/2023
100974,20230610,S,749,426,279,234,336,565,1461,2497,3186,4331,4460,4449,3770,4377,3891,3865,3770,3923,3546,2726,2242,1987,1589,1182,06/10/2023
100974,20230611,P,416,312,249,232,313,564,879,1425,2107,2889,4084,4652,4697,4951,4926,4781,4726,3927,3138,2189,1643,1482,742,470,06/11/2023
100974,20230611,S,971,447,336,261,250,538,1126,1656,2755,3286,4042,4092,4279,3931,3738,3567,3681,3864,2811,2161,1733,1358,1078,778,06/11/2023
100974,20230612,P,248,209,236,275,679,1625,2807,3716,3595,3315,3398,3491,3220,3648,4288,4276,4515,4062,2766,2005,1479,1268,696,427,06/12/2023
100974,20230612,S,441,303,243,194,329,1035,2578,4120,3933,3694,3783,3605,3721,3347,3793,3827,4169,3899,2598,1742,1465,1246,1097,751,06/12/2023
100974,20230613,P,264,188,228,280,653,1566,2829,3831,3738,3255,3274,3578,3850,3817,3814,4577,4800,4575,3482,2430,1819,1270,659,441,06/13/2023
100974,20230613,S,489,316,246,215,367,994,2558,4190,4164,3808,3695,3694,3669,3703,3855,4084,4538,4252,3274,2168,1651,1423,944,746,06/13/2023
100974,20230614,P,247,210,248,343,681,1611,3054,4008,3985,3532,3477,3847,4068,4313,4394,4881,5225,5086,3650,2863,2277,1627,838,542,06/14/2023
100974,20230614,S,477,279,180,185,331,976,2593,4279,4338,4011,4135,3889,3950,3837,4151,4417,5002,4712,3558,2675,2015,1587,1083,679,06/14/2023
100974,20230615,P,313,257,249,367,717,1750,3326,4421,4425,3680,3576,3836,3859,4116,4497,4732,4897,4898,3632,2807,2228,1471,932,691,06/15/2023
100974,20230615,S,484,312,219,249,335,1036,2658,4148,4367,4125,3927,4256,4094,4152,4628,4912,5009,4620,3892,3005,2057,1579,1232,844,06/15/2023
100974,20230616,P,352,237,258,359,584,1396,2756,3601,3495,3802,3937,4465,4486,4705,4811,4920,4531,4483,3572,2509,1941,1480,995,712,06/16/2023
100974,20230616,S,572,335,267,207,343,911,2362,3678,4014,4114,4335,4643,4744,4503,4378,4430,4433,4463,3575,2966,2372,1726,1376,1022,06/16/2023
100974,20230617,P,459,405,282,281,366,692,1395,2167,2934,3703,4358,4724,4625,4230,4646,4370,4386,3864,3248,2605,2233,2031,1240,732,06/17/2023
100974,20230617,S,771,440,327,232,290,532,1244,2232,3114,3900,4536,4692,4357,3893,4552,4205,3883,3773,3333,2617,2367,1897,1446,1144,06/17/2023
100974,20230618,P,430,344,268,228,321,490,806,1424,2394,3323,4366,4756,5019,4983,4655,3748,4239,4000,3787,2990,2531,1881,1048,603,06/18/2023
100974,20230618,S,929,557,308,255,224,406,776,1442,2481,3306,4253,4455,4434,4070,4451,4190,4111,3537,3147,2758,2331,1648,1192,1058,06/18/2023
100974,20230619,P,392,264,273,280,590,1533,2560,3377,3592,3653,3862,4137,4284,4531,4684,4953,4913,4713,3392,2681,2127,1409,891,480,06/19/2023
100974,20230619,S,644,368,216,188,330,845,2241,3680,3882,4210,4376,4334,4214,3931,4137,4334,4282,4396,3194,2380,2044,1387,1080,864,06/19/2023
100974,20230620,P,297,217,247,346,709,1638,3019,3931,4076,3556,3471,3705,4076,4032,4311,4645,4961,4803,3702,2552,2126,1413,779,471,06/20/2023
100974,20230620,S,465,386,236,262,365,1058,2592,4341,4236,4041,3931,3841,3852,3670,3787,4317,4713,4427,3214,2427,2044,1345,1055,875,06/20/2023
100974,20230621,P,294,216,236,348,695,1639,3140,3974,4077,3613,3660,3790,3758,3990,4255,4101,4377,4882,3452,2517,2053,1492,694,408,06/21/2023
100974,20230621,S,540,296,217,217,346,1111,2728,4282,4118,4064,4019,3917,3809,3878,3511,4172,4482,3643,3931,2530,1988,1470,957,643,06/21/2023
100974,20230622,P,300,263,271,335,680,1556,2992,3920,4007,3488,3609,3900,4172,4232,4512,4805,4795,4703,3888,2545,1978,1457,1253,954,06/22/2023
100974,20230622,S,406,298,231,231,394,1069,2544,4136,4336,4079,4002,4143,4120,3929,4381,4737,4549,4543,3521,2689,1819,1488,1166,891,06/22/2023
100974,20230623,P,376,247,271,312,637,1465,2738,3719,3920,3737,4040,4374,4602,4660,4953,4759,4707,4428,4203,3042,2552,2173,1353,766,06/23/2023
100974,20230623,S,538,364,281,283,405,1024,2460,3877,3989,4126,4398,4505,4630,4559,4684,4850,4735,4498,3927,3173,2606,1979,1737,1327,06/23/2023
100974,20230624,P,449,334,320,288,414,857,1499,2340,3126,3978,4587,4761,4884,4792,4600,4945,4677,3802,3455,2827,2359,2070,1705,1269,06/24/2023
100974,20230624,S,718,454,308,242,272,553,1303,2252,3100,3867,4315,4339,4236,4204,4232,4518,4407,4020,3441,3003,2422,2067,1785,1603,06/24/2023
100974,20230625,P,532,309,251,263,352,541,990,1662,2526,3400,4351,4846,4836,4654,4670,4749,4593,4133,3465,2922,2210,1533,897,535,06/25/2023
100974,20230625,S,1402,1006,506,279,311,463,869,1538,2559,3107,4008,4385,4344,4232,4071,3905,3929,3714,3472,2673,2104,1462,1205,1166,06/25/2023
100974,20230626,P,297,230,250,300,695,1695,2993,3984,3837,3533,3559,3967,4078,4178,4326,4581,4940,4988,3549,2618,1993,1345,800,471,06/26/2023
100974,20230626,S,597,330,231,255,371,1056,2605,4284,4011,4055,4123,4233,3987,3869,3975,4523,4753,4296,3208,2313,1954,1327,1162,776,06/26/2023
100974,20230627,P,310,207,250,341,702,1696,3116,4001,4085,3581,3487,3797,3993,4288,4158,4761,5006,5245,3726,2535,2255,1510,836,485,06/27/2023
100974,20230627,S,594,467,239,253,371,1027,2700,4328,4089,3971,4092,4009,3942,3844,4176,4432,4574,4633,3359,2657,1970,1359,1182,1142,06/27/2023
100974,20230628,P,284,244,249,319,692,1727,3196,3891,4111,3842,3528,3804,4160,4258,4403,4782,5058,5064,3799,2745,2196,1611,897,565,06/28/2023
100974,20230628,S,760,413,235,242,353,1065,2605,4260,4141,4006,4069,3961,3993,3964,3994,4325,4691,4601,3529,2794,2121,1452,1158,1153,06/28/2023
100974,20230629,P,336,281,281,351,717,1748,3002,3727,4189,3650,3706,4178,4294,4403,4693,5033,4907,4833,3893,2756,2492,1634,997,598,06/29/2023
100974,20230629,S,756,298,303,268,436,1042,2626,4292,4158,4043,4401,4159,4085,3972,4362,4633,4620,4676,3608,2517,2302,1780,1201,981,06/29/2023
100974,20230630,P,402,306,317,353,672,1559,2693,3636,3784,3759,3947,4328,4639,4818,4958,4996,4443,4361,4539,2861,2335,1793,1284,820,06/30/2023
100974,20230630,S,892,444,336,311,468,1022,2572,3882,4079,4204,4243,4581,4466,4535,4679,4756,4403,4232,3588,3319,2516,1980,1606,1486,06/30/2023
100974,20230701,P,495,356,396,353,464,839,1414,2334,3295,4135,4433,4728,4704,4676,4741,4694,4679,4044,3622,2885,2528,2146,1337,852,07/01/2023
100974,20230701,S,842,551,359,295,390,686,1503,2440,3264,4167,4620,4393,4268,4552,4635,4198,4073,3937,3440,3019,2439,2055,1725,1319,07/01/2023
100974,20230702,P,502,319,323,261,342,517,839,1496,2395,3453,4234,4668,4535,4379,4638,4313,4066,3595,3128,2658,2186,1675,1053,553,07/02/2023
100974,20230702,S,1231,698,358,235,301,486,972,1577,2536,3227,3962,4249,4156,3981,3995,3833,3304,3321,3763,2749,1991,1650,1201,896,07/02/2023
100974,20230703,P,335,242,221,300,432,1063,1906,2639,2942,3227,3623,4138,4140,4536,4566,4700,4586,4198,3370,2624,2173,1559,919,485,07/03/2023
100974,20230703,S,618,404,233,223,289,733,1795,2737,3143,3784,4088,4179,4072,3946,3927,4196,3978,3602,2932,2412,1941,1532,1176,883,07/03/2023
100974,20230704,P,356,267,233,217,317,596,1025,1456,2136,2525,2705,3042,3236,3356,3461,3023,3114,2977,2432,2071,1842,1317,1564,826,07/04/2023
100974,20230704,S,854,483,282,181,226,480,881,1200,1816,2531,2879,3382,3602,3195,2840,2829,2515,2275,2019,1722,1443,1673,2075,1205,07/04/2023
100974,20230705,P,382,253,267,317,657,1546,2696,3615,3670,3373,3655,3874,4140,4098,4413,4495,4757,4707,3086,2389,1779,1301,757,474,07/05/2023
100974,20230705,S,601,354,231,244,342,944,2442,3967,3938,3927,4292,4032,4129,3963,4008,4164,4549,4037,3309,2199,1654,1266,1008,676,07/05/2023
100974,20230706,P,308,228,269,342,632,1593,2853,3633,3716,3500,3438,3908,4006,4229,4377,4762,5111,4888,3501,2573,2125,1573,881,523,07/06/2023
100974,20230706,S,527,332,242,214,361,955,2569,4047,3885,4030,4187,4187,3885,3983,4097,4461,4674,4360,3311,2531,1858,1547,1047,886,07/06/2023
100974,20230707,P,321,254,283,319,615,1499,2714,3542,3746,3438,3653,4095,4364,4553,4463,4539,4589,4632,3701,2670,2126,1524,969,736,07/07/2023
100974,20230707,S,713,305,222,214,372,999,2363,3776,4034,4117,4373,4330,4202,4152,4653,4750,4286,4418,3929,2656,2325,1908,1429,944,07/07/2023
100974,20230708,P,410,305,260,259,382,809,1405,2155,3410,4115,4207,4266,4536,4251,4760,4589,4584,4127,3325,2813,2161,1664,1157,767,07/08/2023
100974,20230708,S,689,429,266,230,318,661,1346,2198,3141,3866,3952,4222,4569,4259,4453,4327,4064,3735,3371,2845,2287,2019,1552,1039,07/08/2023
100974,20230709,P,491,348,305,229,296,556,1203,1949,2326,3292,4208,4502,4618,4842,4815,4442,4802,4300,3375,2424,2052,1408,966,495,07/09/2023
100974,20230709,S,731,457,276,213,281,445,917,1566,2424,3048,3886,4123,4301,4066,3998,3839,3871,3502,3011,2646,2093,1485,1213,995,07/09/2023
100974,20230710,P,315,230,223,313,672,1737,3094,3776,3691,3570,3560,3812,4016,3885,3988,4180,4789,4827,3368,2404,1971,1378,761,432,07/10/2023
100974,20230710,S,937,511,246,239,384,1119,2630,4286,4060,3939,4065,3995,3949,3829,3717,4330,4548,4260,3211,2396,1892,1355,1041,638,07/10/2023
100974,20230711,P,263,213,216,336,671,1683,3136,4019,3871,3457,3505,3690,3889,4139,4314,4664,5148,5064,3587,2617,2123,1642,899,489,07/11/2023
100974,20230711,S,413,273,211,200,380,1002,2655,4216,4062,3981,3969,3965,3857,3713,4040,4190,4763,4558,3512,2547,1916,1564,1118,863,07/11/2023
100974,20230712,P,313,184,260,334,709,1710,3188,3850,3928,3792,3729,3844,3791,4173,4409,4740,5135,5162,3870,2656,2227,1854,998,541,07/12/2023
100974,20230712,S,984,501,240,218,361,1006,2596,4256,4142,4073,3850,4156,4036,3773,4063,4385,4965,4670,3640,2715,2207,1760,1240,920,07/12/2023
100974,20230713,P,382,274,275,382,706,1711,3155,3831,4099,3649,3844,3993,4284,4406,4673,4972,5097,4970,4254,2809,2435,1855,1087,610,07/13/2023
100974,20230713,S,639,378,273,228,425,1022,2649,4251,4117,4046,4294,4206,3924,3829,4307,4611,4929,4622,3768,2983,2154,1734,1288,1001,07/13/2023
100974,20230714,P,376,269,272,348,682,1597,2726,3659,4057,3866,4001,4472,4510,4780,4134,3345,4527,4649,4310,2877,2384,2097,1413,815,07/14/2023
100974,20230714,S,867,386,249,233,421,1013,2439,3798,3945,4142,4287,4430,4078,4671,4390,4602,4697,4505,4074,3039,2651,2136,2013,1396,07/14/2023
100974,20230715,P,464,376,321,294,390,826,1431,2309,3272,4235,4605,4810,4855,4709,4768,4973,4254,3764,2926,2670,2497,2036,1551,973,07/15/2023
100974,20230715,S,1042,883,434,322,375,693,1336,2278,3092,3975,4319,4158,4625,4320,4199,4127,3972,3981,3434,3047,2521,2292,2203,1522,07/15/2023
100974,20230716,P,492,357,321,245,313,618,1022,1667,2575,3618,4514,4652,4678,4541,4474,4610,4346,3943,3580,2694,2269,1780,975,537,07/16/2023
100974,20230716,S,1096,1092,487,302,289,533,922,1472,2625,3277,3885,4255,4240,4132,4064,4299,4205,3845,3756,3286,2461,1814,1322,877,07/16/2023
100974,20230717,P,342,213,237,315,730,1732,2996,3748,3771,3589,3551,3876,3904,3883,3977,4643,4810,4717,3593,2497,2079,1366,796,434,07/17/2023
100974,20230717,S,457,341,286,303,477,1168,2733,4265,4114,4101,4161,4132,4019,3863,3941,4317,4588,4218,3353,2527,1938,1468,1071,635,07/17/2023
100974,20230718,P,288,200,246,346,692,1738,3115,3955,3919,3549,3715,3846,4037,4271,4227,4873,5081,5001,3572,2491,2038,1363,868,453,07/18/2023
100974,20230718,S,484,329,227,224,386,1085,2704,4259,4167,4113,4059,3840,3905,3658,4007,4235,4578,4526,3518,2524,1988,1519,1246,1098,07/18/2023
100974,20230719,P,300,206,272,362,727,1686,3119,4080,4097,3591,3720,4027,4190,4122,3926,4664,4895,4875,3601,2458,2071,1532,803,537,07/19/2023
100974,20230719,S,622,318,210,247,394,1111,2644,4261,4232,3969,4041,4225,3945,3876,4053,4366,4698,4558,3455,2899,2145,1666,1096,726,07/19/2023
100974,20230720,P,147,242,284,356,707,1636,3112,3769,3896,3536,3694,3959,4202,4318,4185,4392,5191,5093,3798,2715,2292,1561,913,525,07/20/2023
100974,20230720,S,206,292,239,240,420,957,2516,4109,4051,4235,4334,4220,4174,4056,4170,4389,4332,4582,3532,2594,2048,1598,1248,873,07/20/2023
100974,20230721,P,380,239,299,340,675,1526,2774,3551,3670,3578,3874,4390,4645,4705,4872,4888,5064,4903,4141,2856,2441,1923,1185,718,07/21/2023
100974,20230721,S,676,343,266,287,465,1056,2498,3616,4146,4284,4503,4578,4662,4405,4702,4786,4706,4132,2982,3345,1586,1620,1595,1008,07/21/2023
100974,20230722,P,436,316,323,298,428,803,1472,2152,3106,4101,4417,4516,4570,4603,4752,4763,4644,4174,3499,2807,2495,1997,1321,850,07/22/2023
100974,20230722,S,1206,488,395,273,326,590,1311,2095,3025,3949,4250,4283,3814,4380,4680,4257,4235,3878,3380,3070,2504,2233,1754,1248,07/22/2023
100974,20230723,P,514,307,280,255,327,511,948,1414,2284,3337,3973,4509,4722,4898,4688,4694,4568,4178,3499,2623,2127,1527,878,519,07/23/2023
100974,20230723,S,820,485,300,238,243,434,872,1586,2399,3195,3762,3999,4017,3894,4020,3866,3637,3522,3094,2529,2151,1694,1245,943,07/23/2023
100974,20230724,P,332,215,216,336,665,1691,2977,3692,3762,3576,3591,3811,3962,3995,4143,4394,4853,4774,3267,2433,1894,1245,785,442,07/24/2023
100974,20230724,S,729,417,247,239,413,1109,2631,4236,3984,3916,3871,4094,3944,3698,3889,4436,4386,3901,3573,2372,1925,1351,1019,707,07/24/2023
100974,20230725,P,312,198,254,323,685,1675,3058,3834,3889,3491,3598,3838,3858,4027,4355,4695,5115,4770,3706,2572,1982,1427,846,501,07/25/2023
100974,20230725,S,462,271,232,225,428,1057,2574,4309,3912,4050,3991,3706,3882,3721,3908,4377,4584,4580,3391,2449,1862,1445,1200,874,07/25/2023
100974,20230726,P,307,223,267,332,610,1631,3067,3774,3929,3771,3730,3875,4095,4154,4249,4644,4943,4938,3901,2450,1975,1600,828,458,07/26/2023
100974,20230726,S,599,348,217,225,414,1045,2625,4188,4085,4128,4034,3919,3915,3692,4123,4442,4600,4528,3449,2481,1904,1653,1177,809,07/26/2023
100974,20230727,P,306,286,258,337,689,1650,3051,3882,3937,3683,3644,3931,4081,4330,4531,4857,4822,5011,3578,2606,2220,1733,929,620,07/27/2023
100974,20230727,S,660,346,222,262,379,1071,2578,4192,4142,4005,3943,4206,4042,3933,4221,4608,4447,4724,3576,2777,1992,1709,1203,820,07/27/2023
100974,20230728,P,326,221,281,325,643,1524,2757,3697,3770,3829,4007,4172,4326,4701,4442,4829,5162,4737,3828,3005,2399,2038,1268,727,07/28/2023
100974,20230728,S,630,329,251,242,366,1016,2503,3953,4134,3900,4362,3169,3881,4400,4531,4645,4758,4496,3961,2889,2387,2028,1674,1191,07/28/2023
100974,20230729,P,412,323,287,268,368,722,1324,2232,3116,3856,4554,4541,4691,4756,4889,4860,4618,4210,3610,2639,2262,1722,1166,832,07/29/2023
100974,20230729,S,729,452,315,248,342,650,1273,2423,3103,3863,4043,4493,4442,4165,4128,3989,4209,3673,3310,2902,2395,1996,1878,1296,07/29/2023
100974,20230730,P,454,315,248,233,311,534,922,1406,2366,3548,4197,4331,4284,4611,4723,4374,4566,4244,3395,2584,2045,1454,862,462,07/30/2023
100974,20230730,S,971,460,360,252,285,408,867,1529,2395,3057,3930,4002,4263,4093,3849,4021,3935,3856,3443,2747,2210,1797,1264,820,07/30/2023
100974,20230731,P,260,227,243,305,691,1716,2879,3233,3759,3573,3502,3854,3910,4093,4261,4608,5089,4924,3855,2365,1525,1359,707,415,07/31/2023
100974,20230731,S,517,332,216,245,446,1190,2637,4135,3767,3829,4060,4060,3935,3885,3994,4387,4586,4266,2820,2395,1642,1503,961,698,07/31/2023
100974,20230801,P,237,201,241,334,749,1663,3040,3934,3968,3452,3498,3792,3888,4034,4212,4677,5080,4883,3249,2454,1916,1319,749,417,08/01/2023
100974,20230801,S,781,473,285,265,421,1054,2688,4324,4098,3929,3890,3931,3830,3639,4009,4333,4326,4295,3281,2331,1860,1413,1195,910,08/01/2023
100974,20230802,P,283,209,222,312,658,1593,3032,3880,3876,3495,3659,3938,3927,3978,4354,4583,4938,4953,3485,2680,2200,1269,772,494,08/02/2023
100974,20230802,S,547,293,218,198,428,1074,2638,4265,4019,3987,4061,3847,3753,3692,3959,4420,4798,4571,3510,2642,1968,1580,1080,682,08/02/2023
100974,20230803,P,293,206,298,333,653,1624,2930,4034,3897,3414,3629,3887,4130,4250,4278,4777,5192,4728,3695,2732,2362,1525,997,565,08/03/2023
100974,20230803,S,439,355,226,230,426,1046,2609,4251,3949,4020,4004,4151,4008,4057,3874,4706,4755,4316,3657,2740,2133,1620,1240,787,08/03/2023
100974,20230804,P,347,242,273,351,638,1546,2672,3664,3873,3639,3871,4250,4474,4701,4866,5109,5112,5111,4025,2799,2455,1933,1233,807,08/04/2023
100974,20230804,S,576,327,259,226,429,1060,2539,3906,3566,4233,4412,4490,4439,4530,4461,4836,4880,4702,4079,3374,2556,2043,1593,1015,08/04/2023
100974,20230805,P,451,317,281,275,394,771,1494,2377,3223,4022,4525,4564,4620,4633,3975,4455,4326,3945,3423,2717,2580,2028,1256,765,08/05/2023
100974,20230805,S,773,459,315,249,370,636,1387,2434,3049,3854,4285,4330,4495,4414,3652,3948,4244,4115,3154,3337,2545,2010,1613,1082,08/05/2023
100974,20230806,P,439,319,236,237,292,558,1054,1527,2446,3293,4239,4684,5052,4878,4871,4656,4599,4053,3353,2599,1943,1326,713,425,08/06/2023
100974,20230806,S,715,507,304,230,259,415,811,1510,2454,3054,3667,4069,4263,4007,4048,3914,3978,3571,3031,2519,1933,1461,1152,809,08/06/2023
100974,20230807,P,261,224,241,291,718,1731,3008,3892,2979,3530,3448,3665,3959,4039,4189,4420,4878,4741,3381,2564,1938,1312,758,408,08/07/2023
100974,20230807,S,546,318,194,237,437,1093,2655,4149,3235,3872,4038,3923,3934,3806,4064,4357,4450,4231,3282,2414,1783,1329,969,800,08/07/2023
100974,20230808,P,259,179,227,303,734,1612,3091,3963,3946,3381,3385,3697,3994,4091,4313,4681,5200,5209,3646,2679,1993,1385,808,428,08/08/2023
100974,20230808,S,594,335,210,204,375,1069,2672,4425,3995,3901,3889,3892,3775,3697,3825,4577,4874,4565,3489,2514,1959,1413,1050,1108,08/08/2023
100974,20230809,P,283,191,225,344,676,1673,3073,3989,4062,3486,3384,3749,3865,4084,4258,4648,4899,5169,3483,2718,2166,1706,894,502,08/09/2023
100974,20230809,S,663,328,225,242,385,1052,2637,4307,4111,4014,3932,4036,3880,4036,4044,4436,4792,4816,3682,2502,2229,1668,1045,747,08/09/2023
100974,20230810,P,314,250,213,312,667,1691,3108,3956,4026,3403,3767,3792,4011,4271,4554,4684,5066,4818,3646,2795,2146,1453,1064,501,08/10/2023
100974,20230810,S,469,280,202,208,363,1010,2666,4227,3986,4166,4053,4062,3964,3964,4215,4631,4821,4398,3950,2689,2097,1376,1082,789,08/10/2023
100974,20230811,P,342,244,258,299,629,1620,2762,3705,3760,3598,3799,4166,4399,4580,4866,5033,5206,4588,3863,2762,2334,1636,1115,760,08/11/2023
100974,20230811,S,650,403,219,234,418,956,2443,3953,3953,4047,4224,4418,4470,4465,4641,5102,4767,4789,4281,3284,2580,2044,1558,944,08/11/2023
100974,20230812,P,439,369,268,281,346,713,1349,2042,2845,3442,4004,4436,4560,4850,4841,4780,4771,4132,3781,2972,2527,1813,1206,725,08/12/2023
100974,20230812,S,653,502,371,226,384,617,1278,2180,3020,3878,4377,4651,4561,4423,4318,4012,3930,3836,3208,2881,2479,2053,1687,1256,08/12/2023
100974,20230813,P,501,286,276,233,270,495,848,1372,1945,2810,3834,4386,4672,4894,4823,4815,4697,4219,3146,2561,1905,1269,664,468,08/13/2023
100974,20230813,S,1047,495,318,250,254,428,845,1491,2364,3018,3861,4130,4138,4029,3912,3889,3768,3368,2972,2367,2039,1488,1018,768,08/13/2023
100974,20230814,P,245,220,217,297,714,1727,3045,3848,3724,3302,3479,3631,3879,3949,4221,4447,4842,4954,3356,2553,2032,1264,730,416,08/14/2023
100974,20230814,S,409,323,211,231,399,1107,2575,4145,4060,3934,3892,3900,3871,3667,4047,4461,4649,4429,3301,2394,1830,1381,1077,618,08/14/2023
100974,20230815,P,230,169,207,306,718,1682,3194,4121,3728,3117,3633,3648,3899,4030,4223,4609,3793,4298,4381,2591,2125,1327,660,403,08/15/2023
100974,20230815,S,407,327,190,225,374,1064,2622,4445,4249,3937,3756,3776,3672,3567,3978,4299,3813,3926,3133,2443,1863,1404,1094,657,08/15/2023
100974,20230816,P,264,188,246,326,704,1657,3140,4253,4125,3512,3440,3696,3812,4093,4192,4752,4829,4684,3404,2461,2136,1250,743,432,08/16/2023
100974,20230816,S,443,266,179,209,397,1023,2582,4670,4021,3853,3956,3797,3626,3642,4027,4259,4811,4521,3670,2488,1792,1425,978,725,08/16/2023
100974,20230817,P,279,215,224,366,718,1663,3159,4229,4234,3449,3420,3794,3843,4140,4551,4968,5208,4913,3708,2712,2313,1449,763,477,08/17/2023
100974,20230817,S,525,252,177,205,370,1051,2597,4644,4154,4118,4109,3930,3825,3762,4177,4502,4288,4771,3842,2561,2260,1644,1048,691,08/17/2023
100974,20230818,P,323,212,274,320,623,1567,2862,3997,3948,3576,3801,4105,4422,4216,4786,5062,4933,4955,4073,2892,2478,1891,1174,669,08/18/2023
100974,20230818,S,566,313,205,234,353,941,2460,4214,4007,3948,4171,4283,4374,4220,4491,4831,4749,4858,4201,2953,2423,1976,1683,1158,08/18/2023
100974,20230819,P,384,283,271,272,416,738,1368,2263,2852,3656,4015,4510,4649,5033,4727,4839,4762,3926,3165,2588,2196,1794,1097,743,08/19/2023
100974,20230819,S,831,483,310,249,311,660,1320,2085,3219,3848,4307,4283,4293,4138,3835,3822,3783,3656,3104,2719,2388,2017,1793,1292,08/19/2023
100974,20230820,P,448,286,224,253,318,506,794,1296,2001,2771,3902,4291,4477,4569,4581,4439,4322,3883,3167,2492,1950,1339,765,420,08/20/2023
100974,20230820,S,1148,1247,756,282,252,416,870,1459,2444,3037,3703,4095,4196,3984,3717,3756,3693,3522,3033,2692,2216,1528,1062,748,08/20/2023
100974,20230821,P,266,206,216,307,714,1652,3046,4197,3987,3105,3290,3491,3695,3665,4033,4415,4629,4696,3168,2404,1820,1120,617,367,08/21/2023
100974,20230821,S,515,319,225,194,403,1035,2717,4569,4072,3641,3982,3807,3516,3628,3865,4413,4503,4173,3132,2136,1766,1211,828,672,08/21/2023
100974,20230822,P,230,183,209,292,715,1660,3200,4437,4125,3364,3268,3447,3764,3714,4012,4586,4665,4667,3380,2477,1916,1265,609,402,08/22/2023
100974,20230822,S,389,246,164,211,388,987,2641,4741,4123,3884,3655,3597,3504,3472,3748,4367,4761,4513,3058,2318,1727,1339,933,632,08/22/2023
100974,20230823,P,229,166,221,307,688,1578,3139,4322,4282,3443,3393,3540,3698,3897,4204,4696,4852,4775,3488,2467,2003,1275,704,410,08/23/2023
100974,20230823,S,449,258,152,199,358,1005,2617,4766,4150,3815,3735,3855,3608,3694,3926,4566,4830,4621,3337,2324,1790,1384,835,784,08/23/2023
100974,20230824,P,279,198,207,360,701,1621,3129,4276,4021,3413,3368,3644,3994,4059,4345,4708,4861,4846,3630,2665,2128,1460,773,464,08/24/2023
100974,20230824,S,483,263,167,206,417,937,2610,4709,4098,3848,4050,4081,3888,3767,4220,4482,4932,4565,3455,2506,2154,1437,992,802,08/24/2023
100974,20230825,P,312,197,237,287,673,1537,2742,3880,3791,3405,3592,3956,4213,4362,4640,4861,4988,4945,3716,2823,2210,1553,1057,759,08/25/2023
100974,20230825,S,461,266,187,225,350,1012,2338,4206,3828,3960,3987,4138,4201,4288,4557,4505,4652,4323,4006,3019,2360,1796,1380,939,08/25/2023
100974,20230826,P,406,243,255,244,370,691,1220,2009,2831,3431,4032,4140,4351,4795,4849,5000,4961,4347,3580,2881,2332,1752,1171,784,08/26/2023
100974,20230826,S,560,371,229,236,275,534,1098,2000,3008,3956,4466,4605,4552,4377,4287,3981,3880,3729,3097,2546,2239,1893,1848,1446,08/26/2023
100974,20230827,P,481,312,256,248,272,474,812,1226,2063,2679,3634,4217,4709,4587,4713,4527,4348,3924,3037,2349,1714,1200,753,760,08/27/2023
100974,20230827,S,1055,407,276,219,225,353,793,1366,2339,3218,3882,3973,4129,4017,3688,3660,3620,3027,3186,2367,1882,1378,989,647,08/27/2023
100974,20230828,P,416,167,217,312,694,1676,3010,4204,4018,3135,3152,3445,3658,3701,4167,4570,4733,4528,2935,2116,1760,951,644,386,08/28/2023
100974,20230828,S,498,287,252,213,397,1016,2597,4641,3882,3731,3665,3473,3379,3488,3818,4232,4617,4070,2822,2068,1563,1172,1037,871,08/28/2023
100974,20230829,P,227,154,194,301,689,1708,3087,4324,4187,3263,3251,3305,3659,3671,4243,4635,4947,4655,3436,2643,2023,1254,625,388,08/29/2023
100974,20230829,S,390,246,183,196,380,991,2609,4771,4083,3945,3659,3693,3607,3493,3941,4440,4737,4418,3010,2383,1673,1326,1132,709,08/29/2023
100974,20230830,P,255,146,199,338,676,1646,3188,4360,4235,3465,3274,3544,3744,3832,4346,4692,4849,4936,3552,2560,2014,1361,773,458,08/30/2023
100974,20230830,S,545,245,162,222,374,958,2637,4737,4107,3833,3720,3808,3590,3677,3954,4330,4773,4555,3282,2578,1781,1547,1285,824,08/30/2023
100974,20230831,P,292,200,200,371,684,1713,3038,4216,4217,3671,3499,3771,4111,4232,4493,5080,5106,5021,3896,3025,2463,1642,992,703,08/31/2023
100974,20230831,S,466,314,179,235,392,1030,2646,4741,4071,3985,4029,4044,4098,4085,4388,4915,5054,4775,4005,3028,2388,1800,1363,831,08/31/2023
100974,20230901,P,387,273,296,363,676,1460,2666,3763,3916,3780,4094,4505,4272,4530,4842,5096,5107,4570,3492,3199,2737,1984,1459,849,09/01/2023
100974,20230901,S,595,423,264,278,423,1007,2353,3941,3849,4155,4587,4584,4828,4584,4855,5074,4733,4632,4600,3591,3051,2363,1668,1077,09/01/2023
100974,20230902,P,548,331,256,271,360,677,1203,2213,3465,3977,4078,4193,4137,4598,5007,4606,4299,4107,3356,3019,2853,2703,1679,868,09/02/2023
100974,20230902,S,724,519,322,275,423,968,2028,2400,3263,4285,4711,4816,4655,4569,4751,4664,4249,3981,3501,2377,2152,1931,1650,1103,09/02/2023
100974,20230903,P,538,322,217,215,278,451,774,1208,2264,3024,4123,4262,4576,4810,4612,4664,4565,4066,3305,2762,3237,2411,1644,789,09/03/2023
100974,20230903,S,819,390,256,245,279,657,1499,1545,2441,3268,4190,4473,4496,4187,3765,4355,4215,3572,3201,2666,2039,1566,1128,1016,09/03/2023
100974,20230904,P,553,442,268,265,368,641,895,1381,2301,3162,4053,4453,4716,4072,4529,4791,4668,4739,3723,3170,2167,1359,783,452,09/04/2023
100974,20230904,S,990,462,208,194,301,825,1564,1612,2165,3047,3777,3936,4061,3897,3449,3428,3253,2944,2677,2377,2025,1415,989,661,09/04/2023
100974,20230905,P,290,194,234,341,801,1795,3153,4242,3812,3361,3348,3617,3848,3862,4178,4638,4862,4677,3338,2500,1879,1242,620,376,09/05/2023
100974,20230905,S,415,226,192,201,409,1070,2699,4626,4008,3918,3796,3662,3626,3553,3834,4362,4672,4239,3184,2202,1748,1245,913,664,09/05/2023
100974,20230906,P,234,147,206,321,678,1638,3201,4240,3962,3254,3289,3373,3525,3654,4023,4459,4770,4774,3281,2413,1967,1213,634,371,09/06/2023
100974,20230906,S,614,218,174,194,325,988,2544,4565,4262,3726,3664,3609,3421,3362,3670,4460,4546,4385,3305,2296,1784,1320,837,554,09/06/2023
100974,20230907,P,236,172,238,313,678,1714,3137,4148,4027,3304,3357,3605,3752,4008,4219,4533,4877,5014,3587,2612,2144,1374,798,402,09/07/2023
100974,20230907,S,398,229,172,187,357,967,2554,4618,4035,3807,3759,3710,3648,3710,4091,4345,4775,4433,3445,2358,1758,1449,989,644,09/07/2023
100974,20230908,P,288,231,211,348,636,1569,2908,3940,3900,3528,3525,3962,4185,4060,4604,5227,5263,4957,3773,2714,2413,1767,1074,652,09/08/2023
100974,20230908,S,437,283,195,218,339,897,2316,4169,3892,3830,3944,4002,4162,4178,4558,4729,4824,4765,3811,2980,2478,1898,1447,1224,09/08/2023
100974,20230909,P,374,277,218,234,376,849,1601,2256,2735,3317,3795,4211,4271,4389,4354,4334,4305,3948,3389,2696,2125,1968,1190,748,09/09/2023
100974,20230909,S,763,413,256,251,291,550,1258,2052,2949,3588,3898,4101,4167,4067,4067,3943,4043,4091,3499,2701,2310,1868,1545,1091,09/09/2023
100974,20230910,P,437,290,268,230,303,516,943,1452,2175,2921,3997,4358,4234,4518,3911,3736,3770,3424,2906,2207,1555,1063,556,393,09/10/2023
100974,20230910,S,656,353,270,191,222,375,784,1340,2277,2774,3434,3670,3712,3676,3552,3245,3215,3356,3062,2866,2293,1370,817,697,09/10/2023
100974,20230911,P,228,178,178,269,646,1607,2838,4013,3660,3235,3079,3322,3502,3520,3689,4370,4513,4382,2735,2061,1569,1031,512,283,09/11/2023
100974,20230911,S,589,294,193,238,375,945,2350,4500,3696,3727,3510,3581,3577,3425,3638,4160,4348,4108,2809,1962,1581,1174,902,706,09/11/2023
100974,20230912,P,229,139,182,288,666,1616,3061,4164,4113,3213,3152,3346,3650,3626,4008,4562,4872,4909,3206,2356,1808,1113,622,351,09/12/2023
100974,20230912,S,423,239,186,161,351,1019,2526,4696,4105,3693,3449,3584,3392,3519,3717,4462,4499,4436,3291,2247,1709,1336,954,665,09/12/2023
100974,20230913,P,226,146,161,300,676,1636,3171,4178,4064,3530,3378,3705,3776,3881,4315,4762,4740,4508,3281,2471,1967,1232,795,400,09/13/2023
100974,20230913,S,360,218,172,186,343,965,2542,4498,4073,3822,3549,3558,3688,3453,4085,4402,4803,4770,3783,2551,1901,1383,888,571,09/13/2023
100974,20230914,P,247,195,250,339,673,1703,3172,4171,4047,3314,3243,3515,4067,4080,4483,5177,5190,4955,3447,2582,2058,1402,752,452,09/14/2023
100974,20230914,S,407,265,166,194,336,971,2520,4698,4109,3831,3894,3858,3841,3750,4056,4579,4889,4504,3402,2368,1947,1581,1061,831,09/14/2023
100974,20230915,P,262,224,237,351,611,1399,2631,3539,3664,3544,3507,3977,4286,4486,4537,5061,5219,5095,3583,2545,2253,1844,1168,680,09/15/2023
100974,20230915,S,795,453,248,190,334,856,2166,3902,3625,3760,3886,4098,4004,4163,4414,4825,4789,4446,3716,2746,2450,2301,1686,1041,09/15/2023
100974,20230916,P,385,281,243,246,383,667,1225,2067,3099,3476,4224,4325,4919,4980,5070,5123,5088,4471,3768,3069,2216,1570,1121,655,09/16/2023
100974,20230916,S,708,392,273,204,316,651,1290,2020,3049,3810,4318,4371,4451,4198,4582,3982,4217,3854,3395,2720,2327,1920,1784,1477,09/16/2023
100974,20230917,P,443,287,251,254,308,567,929,1514,2192,3039,4524,4855,4875,4551,4380,4164,4271,3809,3381,2577,1896,1181,584,441,09/17/2023
100974,20230917,S,1092,488,388,218,243,438,799,1370,2275,3070,3649,3939,3970,3876,3741,3663,3699,3604,3364,3118,2497,1539,1050,700,09/17/2023
100974,20230918,P,249,169,205,323,687,1642,3105,4137,3873,3260,3186,3421,3584,3550,3893,4505,4631,4888,3126,2237,1729,1092,536,287,09/18/2023
100974,20230918,S,536,261,178,200,376,1123,2671,4364,4354,3775,3794,3719,3638,3440,3668,4362,4488,4276,3018,2070,1599,1137,803,542,09/18/2023
100974,20230919,P,192,145,198,276,680,1590,3090,4117,4033,3111,3172,3446,3688,3803,4101,4560,4672,4783,3114,2405,1765,1106,556,342,09/19/2023
100974,20230919,S,415,254,176,197,329,1032,2557,4725,4030,3687,3601,3444,3361,3432,3531,4602,4446,4326,3030,2287,1630,1206,790,492,09/19/2023
100974,20230920,P,221,147,218,287,702,1606,3188,4169,4038,3311,3294,3462,3700,3951,4110,4671,4832,4875,3564,2452,1991,1182,665,357,09/20/2023
100974,20230920,S,389,232,158,168,338,986,2547,4572,4036,3765,3696,3639,3594,3584,3934,4646,4657,4351,3553,2370,1794,1322,852,674,09/20/2023
100974,20230921,P,220,173,220,343,663,1608,3091,4163,3965,3301,3473,3566,3762,4145,4399,4964,5149,4999,3770,2687,2129,1442,770,435,09/21/2023
100974,20230921,S,457,252,160,179,357,1000,2589,4634,4011,3911,4014,3766,3794,3750,4125,4610,4794,4538,3505,2548,2268,1528,1074,756,09/21/2023
100974,20230922,P,265,201,224,348,639,1435,2815,3844,3839,3379,3636,3869,4377,4432,4847,4969,5422,5114,4075,2930,2441,1738,1081,547,09/22/2023
100974,20230922,S,502,302,204,211,331,925,2408,4254,3979,3916,4143,4349,4333,4312,4698,5035,4923,4864,4079,2993,2465,2050,1564,1045,09/22/2023
100974,20230923,P,361,264,269,265,361,684,1315,2071,2824,3474,3920,4311,4490,4533,4729,4532,4810,4345,3641,2998,2402,1698,1209,729,09/23/2023
100974,20230923,S,658,372,242,215,257,555,1138,2010,3170,4025,4579,4506,4855,4481,4204,4203,3864,4034,3139,2637,2177,1896,1507,1149,09/23/2023
100974,20230924,P,420,263,216,211,276,538,769,1446,2050,2846,3904,4502,4535,4738,4704,4760,4695,4208,3513,2634,1842,1249,637,398,09/24/2023
100974,20230924,S,858,447,261,196,212,350,748,1302,2403,3173,3927,3968,4083,3699,3743,3576,3451,3538,2874,2436,1952,1379,963,669,09/24/2023
100974,20230925,P,258,204,190,312,708,1613,2976,4006,3756,3082,3225,3286,3681,3593,3868,4518,4740,4704,3300,2272,1695,1107,587,367,09/25/2023
100974,20230925,S,479,294,200,202,351,1055,2574,4481,3896,3696,3756,3462,3410,3340,3816,4211,4447,4095,3170,2143,1607,1159,831,670,09/25/2023
100974,20230926,P,220,166,219,280,681,1607,3191,4153,3966,3131,3147,3461,3588,3828,3988,4444,4825,4868,3497,2491,1815,1064,638,355,09/26/2023
100974,20230926,S,505,266,185,198,346,972,2630,4722,4057,3642,3586,3414,3345,3367,3611,4319,4506,4412,3171,2266,1697,1316,1084,774,09/26/2023
100974,20230927,P,208,167,207,321,642,1634,3226,4255,4056,3421,3385,3503,3844,3954,4205,4619,4895,4714,3531,2570,1943,1306,653,369,09/27/2023
100974,20230927,S,503,261,146,174,301,968,2582,4621,4152,3828,3866,3806,3567,3590,3897,4440,4574,4498,3452,2458,1821,1444,1046,690,09/27/2023
100974,20230928,P,277,183,227,348,681,1670,3089,4207,4013,3444,3302,3562,3782,4062,4450,5092,5358,5046,3807,2649,2057,1460,749,433,09/28/2023
100974,20230928,S,423,282,155,189,333,962,2609,4537,4081,3950,3836,3772,3925,3786,4034,4633,4726,4669,3508,2548,2021,1674,1173,827,09/28/2023
100974,20230929,P,299,204,225,346,599,1442,2704,3779,4074,3481,3578,3907,4393,4532,4943,5174,4538,3581,4558,2957,2351,1714,1247,697,09/29/2023
100974,20230929,S,758,326,204,205,337,901,2260,4041,3862,3256,3643,4594,4538,4044,4665,5053,4724,4845,3970,2900,2543,2107,1536,1403,09/29/2023
100974,20230930,P,390,282,264,236,381,737,1387,2125,2882,3512,4028,4517,4549,3363,2426,3534,4396,4135,3401,2914,2572,2158,1275,889,09/30/2023
100974,20230930,S,912,577,296,230,275,658,1262,2141,3112,3704,4486,4744,4467,3823,3445,4025,3922,3749,3217,2746,2389,2461,2327,1468,09/30/2023
